,KIC,Period,teff_x,logg_x,radius_x,mass_x,dens_x,teff_y,logg_y,radius_y,mass_y,dens_y
0,10280371,15.122,5864.0,4.093999999999999,1.473,0.982,0.4331,5864,4.0939999999999985,1.473,0.982,0.4331
1,11921886,4.438,5510.0,3.639,2.608,1.08,0.08575,5510,3.639,2.608,1.08,0.08575
2,11768170,13.485999999999999,5295.0,3.701,2.696,1.331,0.09567,5295,3.701,2.696,1.331,0.09567
3,7269974,1.3780000000000001,5539.0,4.332,1.0979999999999999,0.942,1.004,5539,4.332,1.098,0.9420000000000001,1.004
4,2163808,7.388999999999999,5739.0,4.051,1.486,0.905,0.3886,5739,4.051,1.486,0.905,0.3886
5,9649349,15.284,6049.0,3.966,1.819,1.117,0.2614,6049,3.966,1.819,1.117,0.2614
6,10667099,13.897,6023.0,4.387,1.083,1.04,1.1540000000000001,6023,4.387,1.083,1.04,1.154
7,9019366,16.609,5887.0,4.332,1.069,0.898,1.034,5887,4.332,1.069,0.898,1.034
8,2571471,0.0,5676.0,4.048,1.4240000000000002,0.825,0.4025,5676,4.048,1.4240000000000002,0.825,0.4025
9,8026402,0.0,5272.0,3.804,1.885,0.8240000000000001,0.1732,5272,3.804,1.885,0.8240000000000001,0.1732
10,5124667,8.806000000000001,5501.0,4.001,1.569,0.901,0.3285,5501,4.001,1.569,0.9009999999999999,0.3285
11,7592010,15.502,5375.0,4.391,0.981,0.862,1.287,5375,4.391,0.981,0.862,1.287
12,10979139,5.827999999999999,6047.0,4.383,1.124,1.114,1.1059999999999999,6047,4.383,1.124,1.114,1.106
13,7936501,13.94,5993.0,3.7510000000000003,2.653,1.4480000000000002,0.1092,5993,3.751,2.653,1.4480000000000002,0.1092
14,4279996,46.917,5949.0,3.892,1.94,1.07,0.2066,5949,3.892,1.94,1.07,0.2066
15,8247379,9.721,6046.0,4.357,1.048,0.91,1.114,6046,4.357,1.048,0.91,1.114
16,4989977,13.027000000000001,5644.0,3.992,1.511,0.818,0.3338,5644,3.992,1.511,0.818,0.3338
17,11624249,16.641,5311.0,3.864,1.7690000000000001,0.8340000000000001,0.2122,5311,3.864,1.769,0.8340000000000001,0.2122
18,1295504,19.727999999999998,5528.0,3.645,3.1069999999999998,1.556,0.07302,5528,3.645,3.107,1.556,0.07302
19,5524851,6.9110000000000005,5297.0,3.7430000000000003,2.006,0.8109999999999999,0.1414,5297,3.743,2.006,0.8109999999999999,0.1414
20,8715052,11.995999999999999,5850.0,3.6489999999999996,2.8810000000000002,1.35,0.07955,5850,3.649,2.881,1.35,0.07955
21,10909933,13.963,5749.0,3.7880000000000003,2.355,1.242,0.1339,5749,3.788,2.355,1.242,0.1339
22,10516046,13.698,5605.0,4.388999999999999,1.01,0.911,1.244,5605,4.3889999999999985,1.01,0.9109999999999999,1.244
23,2836990,40.998000000000005,5981.0,4.372,1.043,0.933,1.16,5981,4.372,1.043,0.9329999999999999,1.16
24,11405559,30.122,5418.0,4.147,1.351,0.935,0.5339,5418,4.147,1.351,0.935,0.5339
25,9003401,16.574,6000.0,4.363,1.126,1.068,1.053,6000,4.363,1.126,1.068,1.053
26,7272739,0.141,5323.0,3.765,2.3819999999999997,1.206,0.1257,5323,3.765,2.382,1.206,0.1257
27,6962774,16.680999999999997,5305.0,3.665,2.181,0.8009999999999999,0.1088,5305,3.665,2.181,0.8009999999999999,0.1088
28,10596718,16.8,5799.0,4.301,1.105,0.892,0.9295,5799,4.301,1.105,0.892,0.9295
29,9245527,22.395,5891.0,3.641,3.01,1.4480000000000002,0.0748,5891,3.641,3.01,1.4480000000000002,0.0748
30,2848856,21.736,6053.0,4.128,1.4669999999999999,1.055,0.4702,6053,4.128,1.467,1.055,0.4702
31,6962798,13.200999999999999,6002.0,4.394,1.036,0.972,1.2309999999999999,6002,4.394,1.036,0.972,1.231
32,11128070,12.949000000000002,5959.0,4.338,1.001,0.7959999999999999,1.117,5959,4.338,1.001,0.7959999999999999,1.117
33,9913790,19.26,5765.0,4.291,1.171,0.977,0.8573,5765,4.291,1.171,0.977,0.8573
34,9847647,16.921,6020.0,3.9389999999999996,1.732,0.95,0.2577,6020,3.939,1.732,0.95,0.2577
35,11135880,13.684000000000001,5721.0,3.806,2.211,1.141,0.1488,5721,3.806,2.211,1.141,0.1488
36,4736208,21.2,5979.0,4.386,1.054,0.986,1.187,5979,4.386,1.054,0.986,1.187
37,8197041,0.0,5413.0,3.681,2.707,1.284,0.09111,5413,3.681,2.707,1.284,0.09111
38,6384035,2.0869999999999997,5818.0,4.046,1.504,0.918,0.3801,5818,4.046,1.504,0.9179999999999999,0.3801
39,3831762,13.114,5487.0,3.827,2.305,1.3019999999999998,0.1496,5487,3.827,2.305,1.3019999999999998,0.1496
40,9139753,16.642,5546.0,3.865,1.732,0.8029999999999999,0.2175,5546,3.865,1.732,0.8029999999999999,0.2175
41,8964174,18.067999999999998,5623.0,4.319,1.041,0.823,1.0270000000000001,5623,4.319,1.041,0.823,1.027
42,11770245,16.706,5213.0,3.9419999999999997,1.6869999999999998,0.908,0.2666,5213,3.942,1.6869999999999998,0.9079999999999999,0.2666
43,8284817,13.624,6035.0,4.1560000000000015,1.281,0.858,0.5752,6035,4.1560000000000015,1.281,0.858,0.5752
44,10351715,5.794,5747.0,4.343999999999999,1.036,0.865,1.0959999999999999,5747,4.3439999999999985,1.036,0.865,1.096
45,6719235,16.2,5654.0,3.824,2.296,1.283,0.1492,5654,3.824,2.296,1.2830000000000001,0.1492
46,11444868,15.239,5636.0,3.8930000000000002,2.005,1.146,0.2002,5636,3.893,2.005,1.146,0.2002
47,8300063,18.278,5696.0,3.841,2.116,1.131,0.1683,5696,3.841,2.116,1.131,0.1683
48,9492028,11.552,5492.0,4.3580000000000005,1.003,0.8370000000000001,1.167,5492,4.3580000000000005,1.003,0.8370000000000001,1.167
49,9158153,13.99,5578.0,4.003,1.507,0.835,0.3438,5578,4.003,1.507,0.835,0.3438
50,7820702,19.48,5462.0,4.295,1.162,0.972,0.8723,5462,4.295,1.162,0.972,0.8723
51,9419047,14.332,5827.0,4.23,1.215,0.915,0.7189,5827,4.23,1.215,0.915,0.7189
52,6609683,14.123,5947.0,4.3919999999999995,1.013,0.923,1.25,5947,4.392,1.013,0.9229999999999999,1.25
53,11547205,0.0,5979.0,4.341,0.9740000000000001,0.758,1.157,5979,4.341,0.974,0.758,1.157
54,5124445,12.802,5914.0,4.287,1.079,0.8220000000000001,0.9226,5914,4.287,1.079,0.8220000000000001,0.9226
55,8332200,47.924,5623.0,4.2330000000000005,1.19,0.884,0.7386,5623,4.2330000000000005,1.19,0.884,0.7386
56,2987321,0.0,6028.0,4.316,1.165,1.024,0.9124,6028,4.316,1.165,1.024,0.9124
57,7364979,14.280999999999999,5949.0,4.33,1.0270000000000001,0.8220000000000001,1.07,5949,4.33,1.027,0.8220000000000001,1.07
58,12458691,10.163,5446.0,4.388,0.961,0.825,1.3090000000000002,5446,4.388,0.961,0.825,1.3090000000000002
59,3858988,13.56,5753.0,4.335,1.078,0.918,1.03,5753,4.335,1.078,0.9179999999999999,1.03
60,4757794,18.177,6043.0,4.356,1.149,1.092,1.014,6043,4.356,1.149,1.092,1.014
61,8191871,21.081,5772.0,3.872,2.128,1.228,0.1796,5772,3.872,2.128,1.228,0.1796
62,10319352,16.417,5626.0,4.101,1.521,1.065,0.4266,5626,4.101,1.521,1.065,0.4266
63,3839620,13.325999999999999,5991.0,4.289,1.135,0.914,0.8803,5991,4.289,1.135,0.914,0.8803
64,9720115,0.0,5835.0,4.298,1.103,0.882,0.9254,5835,4.298,1.103,0.882,0.9254
65,4274412,16.869,5714.0,4.371,1.0070000000000001,0.8690000000000001,1.2,5714,4.371,1.007,0.8690000000000001,1.2
66,11616117,13.595,5528.0,4.39,1.0390000000000001,0.966,1.2109999999999999,5528,4.39,1.039,0.966,1.211
67,5811881,12.133,5798.0,4.2810000000000015,1.065,0.79,0.9206,5798,4.2810000000000015,1.065,0.79,0.9206
68,9593493,16.164,6057.0,4.098,1.521,1.058,0.4237,6057,4.098,1.521,1.058,0.4237
69,12122131,9.162,5930.0,4.309,1.069,0.8490000000000001,0.9781,5930,4.309,1.069,0.8490000000000001,0.9781
70,3533000,17.869,5873.0,3.741,1.932,0.7490000000000001,0.1463,5873,3.741,1.932,0.7490000000000001,0.1463
71,8196963,0.0,5846.0,3.957,1.7380000000000002,0.998,0.2678,5846,3.957,1.7380000000000002,0.998,0.2678
72,6836316,9.0,6040.0,3.988,1.722,1.053,0.2903,6040,3.988,1.722,1.053,0.2903
73,5383822,10.530999999999999,5877.0,3.7939999999999996,2.468,1.382,0.1294,5877,3.794,2.468,1.382,0.1294
74,9548956,14.9,5591.0,4.166,1.278,0.8740000000000001,0.59,5591,4.166,1.278,0.8740000000000001,0.59
75,11515669,13.765999999999998,5985.0,4.074,1.558,1.05,0.391,5985,4.074,1.558,1.05,0.391
76,3326666,15.536,5576.0,4.3469999999999995,1.0270000000000001,0.857,1.113,5576,4.347,1.027,0.857,1.113
77,5254856,15.956,5481.0,4.365,0.993,0.8340000000000001,1.2,5481,4.365,0.993,0.8340000000000001,1.2
78,5598173,15.315,5268.0,4.013999999999999,1.564,0.919,0.3388,5268,4.0139999999999985,1.564,0.919,0.3388
79,8163528,20.863000000000003,5869.0,3.977,1.838,1.168,0.2649,5869,3.977,1.838,1.168,0.2649
80,7008840,21.041999999999998,6042.0,4.371,1.075,0.991,1.124,6042,4.371,1.075,0.991,1.124
81,4058090,12.05,5714.0,3.7319999999999998,2.7,1.4340000000000002,0.1026,5714,3.732,2.7,1.4340000000000002,0.1026
82,10583451,15.099,5960.0,4.038,1.652,1.086,0.3391,5960,4.038,1.652,1.0859999999999999,0.3391
83,7960251,18.1,5223.0,3.7769999999999997,1.945,0.826,0.1581,5223,3.777,1.945,0.826,0.1581
84,10257218,17.764,5348.0,3.667,2.822,1.348,0.0845,5348,3.667,2.822,1.348,0.0845
85,10578006,11.335999999999999,5929.0,3.6910000000000003,2.838,1.44,0.08878,5929,3.691,2.838,1.44,0.08878
86,11547589,12.946,5496.0,3.929,1.63,0.823,0.2675,5496,3.929,1.63,0.823,0.2675
87,8386120,0.0,5712.0,4.02,1.608,0.987,0.3347,5712,4.02,1.608,0.987,0.3347
88,3729363,0.0,5568.0,4.164,1.308,0.91,0.5732,5568,4.164,1.308,0.91,0.5732
89,4572351,14.74,5873.0,4.37,1.011,0.873,1.1909999999999998,5873,4.37,1.011,0.873,1.1909999999999998
90,7988940,11.082,6026.0,4.346,1.081,0.947,1.056,6026,4.346,1.081,0.9470000000000001,1.056
91,4841110,18.009,5945.0,4.3919999999999995,1.06,1.01,1.196,5945,4.392,1.06,1.01,1.196
92,2570881,12.208,6053.0,4.258,1.133,0.8490000000000001,0.8216,6053,4.258,1.133,0.8490000000000001,0.8216
93,5613023,21.291999999999998,5741.0,4.368,0.9990000000000001,0.8490000000000001,1.2009999999999998,5741,4.368,0.999,0.8490000000000001,1.2009999999999998
94,5568417,11.421,5878.0,4.348,1.088,0.963,1.053,5878,4.348,1.088,0.963,1.053
95,6140912,0.0,5662.0,4.085,1.375,0.84,0.4553,5662,4.085,1.375,0.84,0.4553
96,5127513,12.821,5587.0,3.688,2.568,1.171,0.09742,5587,3.688,2.568,1.171,0.09742
97,10090102,15.216,5653.0,4.0489999999999995,1.776,1.286,0.3235,5653,4.049,1.776,1.286,0.3235
98,10224361,44.386,5727.0,4.008,1.729,1.11,0.3022,5727,4.008,1.729,1.11,0.3022
99,4846450,10.929,5787.0,4.351,1.0659999999999998,0.93,1.082,5787,4.351,1.0659999999999998,0.93,1.082
100,4575244,0.0,5845.0,4.374,1.1079999999999999,1.06,1.097,5845,4.374,1.108,1.06,1.097
101,7529341,0.0,6043.0,4.26,1.095,0.795,0.8523,6043,4.26,1.095,0.795,0.8523
102,8045945,12.402999999999999,5641.0,4.373,0.9990000000000001,0.8590000000000001,1.215,5641,4.373,0.999,0.8590000000000001,1.215
103,11036936,17.297,5452.0,4.3260000000000005,1.061,0.8690000000000001,1.024,5452,4.3260000000000005,1.061,0.8690000000000001,1.024
104,6526932,15.237,5446.0,4.388,0.961,0.825,1.3090000000000002,5446,4.388,0.961,0.825,1.3090000000000002
105,2011641,16.255,5468.0,4.121,1.4609999999999999,1.029,0.4643,5468,4.121,1.461,1.0290000000000001,0.4643
106,5616846,13.380999999999998,5947.0,3.937,2.148,1.456,0.2069,5947,3.937,2.148,1.456,0.2069
107,10601604,13.644,6022.0,4.36,1.085,0.984,1.084,6022,4.36,1.085,0.9840000000000001,1.084
108,11389437,13.044,6029.0,4.053999999999999,1.633,1.102,0.3564,6029,4.0539999999999985,1.633,1.102,0.3564
109,6676655,17.319000000000003,5357.0,4.357,1.036,0.89,1.127,5357,4.357,1.036,0.89,1.127
110,8647149,10.517999999999999,5817.0,4.091,1.357,0.8290000000000001,0.467,5817,4.091,1.357,0.8290000000000001,0.467
111,6863530,20.167,5494.0,3.977,1.5619999999999998,0.843,0.3118,5494,3.977,1.5619999999999998,0.843,0.3118
112,5033682,48.106,5738.0,3.946,1.864,1.119,0.2433,5738,3.946,1.864,1.119,0.2433
113,8886017,10.197000000000001,5702.0,4.371,1.008,0.872,1.198,5702,4.371,1.008,0.872,1.198
114,4242173,14.45,5922.0,4.17,1.334,0.96,0.5703,5922,4.17,1.334,0.96,0.5703
115,8038666,13.804,5860.0,4.343999999999999,1.077,0.933,1.053,5860,4.3439999999999985,1.077,0.9329999999999999,1.053
116,8442985,13.835999999999999,5721.0,4.37,1.035,0.915,1.1640000000000001,5721,4.37,1.035,0.915,1.164
117,11673674,4.746,6013.0,4.381,1.033,0.938,1.197,6013,4.381,1.033,0.938,1.197
118,10935400,0.0,6045.0,4.395,1.122,1.145,1.141,6045,4.395,1.122,1.145,1.141
119,11753179,15.807,5887.0,4.35,1.062,0.921,1.083,5887,4.35,1.062,0.9209999999999999,1.083
120,9285949,0.0,5866.0,4.379,1.036,0.938,1.188,5866,4.379,1.036,0.938,1.188
121,5899165,11.48,6014.0,4.393,1.063,1.019,1.195,6014,4.393,1.063,1.0190000000000001,1.195
122,8938628,10.127,5815.0,4.349,0.9690000000000001,0.764,1.183,5815,4.349,0.969,0.764,1.183
123,10878105,16.912,5223.0,3.84,1.83,0.8440000000000001,0.1941,5223,3.84,1.83,0.8440000000000001,0.1941
124,8655757,14.345,5783.0,4.317,1.167,1.031,0.9129,5783,4.317,1.167,1.031,0.9129
125,6923711,0.0,5412.0,3.775,2.044,0.908,0.1497,5412,3.775,2.044,0.9079999999999999,0.1497
126,9994789,17.346,5497.0,3.842,2.1430000000000002,1.166,0.1669,5497,3.842,2.143,1.166,0.1669
127,8895012,16.129,5456.0,4.234,1.21,0.916,0.7275,5456,4.234,1.21,0.9159999999999999,0.7275
128,4447821,16.177,5720.0,4.263,1.133,0.857,0.8313,5720,4.263,1.133,0.857,0.8313
129,8029079,13.126,5650.0,4.3580000000000005,1.022,0.868,1.147,5650,4.3580000000000005,1.022,0.868,1.147
130,8077755,13.561,5650.0,4.391,0.9259999999999999,0.77,1.365,5650,4.391,0.926,0.77,1.365
131,3330643,14.790999999999999,5733.0,3.9139999999999997,1.9509999999999998,1.139,0.2159,5733,3.914,1.951,1.139,0.2159
132,5715686,9.899,6033.0,3.8810000000000002,2.173,1.308,0.1795,6033,3.881,2.173,1.308,0.1795
133,6222407,15.602,5978.0,4.371,1.022,0.8959999999999999,1.182,5978,4.371,1.022,0.8959999999999999,1.182
134,9909504,15.054,5779.0,4.2989999999999995,1.2,1.046,0.8521,5779,4.299,1.2,1.046,0.8521
135,7362355,18.954,5819.0,4.29,1.11,0.8759999999999999,0.9029,5819,4.29,1.11,0.8759999999999999,0.9029
136,12504849,17.342,5695.0,4.256,1.2,0.945,0.7708,5695,4.256,1.2,0.945,0.7708
137,11188163,16.724,5847.0,4.2780000000000005,1.205,1.003,0.8083,5847,4.2780000000000005,1.205,1.003,0.8083
138,11075222,18.649,5522.0,4.378,0.987,0.8490000000000001,1.244,5522,4.378,0.987,0.8490000000000001,1.244
139,8456181,19.49,5217.0,3.842,2.008,1.021,0.1777,5217,3.842,2.008,1.021,0.1777
140,6099668,0.0,5210.0,4.395,0.9790000000000001,0.866,1.3019999999999998,5210,4.395,0.979,0.866,1.3019999999999998
141,4640942,11.927999999999999,6004.0,3.9419999999999997,1.8419999999999999,1.082,0.244,6004,3.942,1.842,1.082,0.244
142,9050271,20.011,6000.0,4.349,1.036,0.873,1.107,6000,4.349,1.036,0.873,1.107
143,11655945,21.713,5821.0,4.363,1.05,0.928,1.13,5821,4.363,1.05,0.9279999999999999,1.13
144,6941078,15.097999999999999,5802.0,4.213,1.26,0.947,0.667,5802,4.213,1.26,0.9470000000000001,0.667
145,4916165,15.33,5708.0,4.024,1.682,1.09,0.3227,5708,4.024,1.682,1.09,0.3227
146,12157369,24.078000000000003,5606.0,4.394,0.9940000000000001,0.892,1.28,5606,4.394,0.994,0.892,1.28
147,6267535,16.447,5460.0,4.138999999999999,1.3459999999999999,0.911,0.5259,5460,4.1389999999999985,1.346,0.9109999999999999,0.5259
148,9944591,14.148,5746.0,4.254,1.161,0.882,0.7951,5746,4.254,1.161,0.882,0.7951
149,5025688,25.11,6046.0,4.362,1.218,1.247,0.9722,6046,4.362,1.218,1.247,0.9722
150,4246448,22.583000000000002,5666.0,4.224,1.2990000000000002,1.031,0.6618,5666,4.224,1.2990000000000002,1.031,0.6618
151,4820062,23.596,5699.0,4.104,1.492,1.031,0.4370000000000001,5699,4.104,1.492,1.031,0.4370000000000001
152,12208631,15.753,5481.0,4.3610000000000015,1.014,0.86,1.1640000000000001,5481,4.3610000000000015,1.014,0.86,1.164
153,9784166,12.315,6010.0,4.194,1.455,1.211,0.5538,6010,4.194,1.455,1.2109999999999999,0.5538
154,6605745,14.797,5907.0,4.242,1.258,1.007,0.7129,5907,4.242,1.258,1.0070000000000001,0.7129
155,5940590,15.368,5772.0,4.343999999999999,0.991,0.79,1.143,5772,4.3439999999999985,0.991,0.79,1.143
156,10801738,14.321,6057.0,4.133,1.4780000000000002,1.082,0.4719,6057,4.133,1.4780000000000002,1.082,0.4719
157,9398020,48.026,5313.0,3.7089999999999996,2.782,1.444,0.09451,5313,3.709,2.782,1.444,0.09451
158,9815334,17.724,5256.0,3.678,2.8310000000000004,1.391,0.08639,5256,3.678,2.8310000000000004,1.391,0.08639
159,7185607,14.577,5754.0,4.337,1.115,0.985,1.001,5754,4.337,1.115,0.985,1.001
160,12509088,13.627,6038.0,3.842,2.153,1.175,0.1659,6038,3.842,2.153,1.175,0.1659
161,9051723,57.992,5395.0,4.362,1.011,0.858,1.169,5395,4.362,1.011,0.858,1.169
162,10656508,10.017000000000001,5819.0,4.2410000000000005,1.248,0.989,0.7163,5819,4.2410000000000005,1.248,0.9890000000000001,0.7163
163,5697072,13.853,5556.0,4.398,0.929,0.789,1.383,5556,4.398,0.929,0.789,1.383
164,4443452,15.324000000000002,5637.0,4.374,1.072,0.993,1.1340000000000001,5637,4.374,1.072,0.993,1.134
165,9458127,35.379,5927.0,4.173,1.423,1.099,0.5375,5927,4.173,1.423,1.099,0.5375
166,6497336,11.695,6021.0,4.216,1.3630000000000002,1.114,0.6199,6021,4.216,1.3630000000000002,1.114,0.6199
167,3869891,13.475999999999999,5674.0,4.098,1.432,0.938,0.4496,5674,4.098,1.432,0.938,0.4496
168,7986726,0.0,6038.0,4.322,1.109,0.942,0.9731,6038,4.322,1.109,0.9420000000000001,0.9731
169,7918653,12.515,5607.0,3.8569999999999998,1.742,0.795,0.2117,5607,3.857,1.742,0.795,0.2117
170,9285636,16.914,5654.0,4.129,1.389,0.948,0.4976,5654,4.129,1.389,0.948,0.4976
171,5444548,14.779000000000002,5799.0,4.3610000000000015,1.078,0.972,1.094,5799,4.3610000000000015,1.078,0.972,1.094
172,10594040,5.581,6046.0,4.334,1.101,0.953,1.0070000000000001,6046,4.334,1.101,0.953,1.007
173,11456170,16.205,5397.0,3.648,2.6039999999999996,1.098,0.08757000000000001,5397,3.648,2.604,1.0979999999999999,0.08757000000000001
174,3965661,13.634,5716.0,4.356,1.05,0.912,1.109,5716,4.356,1.05,0.912,1.109
175,6188437,15.123,5738.0,4.243,1.159,0.858,0.7757,5738,4.243,1.159,0.858,0.7757
176,3736105,13.923,6042.0,3.873,1.989,1.077,0.1929,6042,3.873,1.989,1.077,0.1929
177,11962791,47.983999999999995,5369.0,4.383,0.982,0.848,1.263,5369,4.383,0.982,0.848,1.263
178,10514649,23.831,5651.0,4.388,0.972,0.8440000000000001,1.2930000000000001,5651,4.388,0.972,0.8440000000000001,1.293
179,3112234,20.182000000000002,5597.0,4.084,1.556,1.07,0.4004,5597,4.084,1.556,1.07,0.4004
180,9041133,21.774,5989.0,3.8510000000000004,2.079,1.121,0.1755,5989,3.851,2.079,1.121,0.1755
181,4168903,42.698,5231.0,3.7560000000000002,2.323,1.123,0.1261,5231,3.756,2.323,1.123,0.1261
182,5355471,16.768,6007.0,4.106,1.374,0.879,0.4768,6007,4.106,1.374,0.879,0.4768
183,4773496,0.0,6038.0,4.2780000000000005,1.104,0.8440000000000001,0.8825,6038,4.2780000000000005,1.104,0.8440000000000001,0.8825
184,8293403,22.697,5778.0,4.382,1.024,0.922,1.21,5778,4.382,1.024,0.922,1.21
185,7417322,17.58,5441.0,4.35,1.084,0.958,1.0590000000000002,5441,4.35,1.084,0.958,1.0590000000000002
186,7199917,15.642999999999999,5551.0,3.8760000000000003,1.985,1.08,0.1946,5551,3.876,1.985,1.08,0.1946
187,8509361,17.564,5743.0,3.8810000000000002,1.9709999999999999,1.077,0.1982,5743,3.881,1.971,1.077,0.1982
188,12106092,14.132,5989.0,3.872,1.931,1.012,0.1979,5989,3.872,1.931,1.012,0.1979
189,6776594,18.646,5964.0,3.9339999999999997,1.801,1.016,0.2451,5964,3.934,1.801,1.016,0.2451
190,6967105,10.999,5201.0,3.73,2.616,1.339,0.1054,5201,3.73,2.616,1.339,0.1054
191,6145937,19.709,5388.0,3.7510000000000003,2.401,1.185,0.1207,5388,3.751,2.401,1.185,0.1207
192,6431741,17.76,5290.0,3.738,2.0669999999999997,0.852,0.1359,5290,3.738,2.067,0.852,0.1359
193,9724635,15.770999999999999,5696.0,4.369,0.973,0.8079999999999999,1.236,5696,4.369,0.973,0.8079999999999999,1.236
194,2012005,42.798,5692.0,3.938,1.78,1.002,0.2502,5692,3.938,1.78,1.002,0.2502
195,7269718,0.0,6045.0,4.395,1.122,1.145,1.141,6045,4.395,1.122,1.145,1.141
196,12108333,82.76700000000001,5991.0,4.212,1.25,0.928,0.6699,5991,4.212,1.25,0.9279999999999999,0.6699
197,10989278,10.347000000000001,5786.0,4.391,1.047,0.983,1.205,5786,4.391,1.047,0.983,1.205
198,8621911,12.867,6028.0,4.39,1.1059999999999999,1.095,1.138,6028,4.39,1.106,1.095,1.138
199,6212024,17.108,5989.0,4.359,1.117,1.039,1.0490000000000002,5989,4.359,1.117,1.0390000000000001,1.0490000000000002
200,11400548,0.0,5858.0,4.303,1.102,0.89,0.9362,5858,4.303,1.102,0.89,0.9362
201,8757293,17.834,5814.0,4.332,1.073,0.902,1.0290000000000001,5814,4.332,1.073,0.902,1.029
202,9593390,10.661,5613.0,3.6319999999999997,2.195,0.753,0.1003,5613,3.632,2.195,0.753,0.1003
203,10074149,9.158999999999999,5292.0,3.929,1.673,0.867,0.2607,5292,3.929,1.673,0.867,0.2607
204,6966513,0.0,5790.0,4.397,1.026,0.957,1.25,5790,4.397,1.026,0.9570000000000001,1.25
205,5481695,15.01,5908.0,4.273,1.109,0.8420000000000001,0.8685,5908,4.273,1.109,0.8420000000000001,0.8685
206,11602191,17.706,5942.0,4.342,1.065,0.91,1.061,5942,4.342,1.065,0.91,1.061
207,9823415,27.759,5477.0,3.9589999999999996,1.662,0.918,0.2817,5477,3.959,1.662,0.9179999999999999,0.2817
208,10585775,18.88,5257.0,3.6830000000000003,2.7,1.283,0.09181,5257,3.683,2.7,1.2830000000000001,0.09181
209,7094022,13.593,5971.0,4.336,1.083,0.927,1.0290000000000001,5971,4.336,1.083,0.927,1.029
210,10063527,10.985999999999999,5802.0,4.383,1.0190000000000001,0.915,1.217,5802,4.383,1.019,0.915,1.217
211,8260135,26.136,5597.0,3.84,2.22,1.242,0.1599,5597,3.84,2.22,1.242,0.1599
212,7509667,0.0,5712.0,4.072,1.508,0.98,0.4023,5712,4.072,1.508,0.98,0.4023
213,11649990,1.992,5985.0,4.324,1.026,0.81,1.055,5985,4.324,1.026,0.81,1.055
214,3642402,13.640999999999998,5895.0,4.283,1.149,0.926,0.8587,5895,4.283,1.149,0.9259999999999999,0.8587
215,10716302,0.0,5480.0,4.22,1.229,0.914,0.6939,5480,4.22,1.229,0.914,0.6939
216,3645789,17.362000000000002,5823.0,3.819,2.363,1.3430000000000002,0.1433,5823,3.819,2.363,1.3430000000000002,0.1433
217,6891299,0.0,6046.0,4.3469999999999995,1.138,1.048,1.001,6046,4.347,1.138,1.048,1.001
218,5009384,0.0,5620.0,3.957,1.84,1.117,0.2527,5620,3.957,1.84,1.117,0.2527
219,1866778,10.76,5962.0,3.6510000000000002,3.1060000000000003,1.574,0.07402,5962,3.651,3.1060000000000003,1.574,0.07402
220,8297569,38.201,6043.0,4.399,1.023,0.957,1.258,6043,4.399,1.023,0.9570000000000001,1.258
221,10924142,40.626,5814.0,4.165,1.239,0.818,0.6055,5814,4.165,1.239,0.818,0.6055
222,11254382,14.204,5626.0,4.271,1.185,0.956,0.8091,5626,4.271,1.185,0.956,0.8091
223,8580438,7.6739999999999995,5516.0,4.364,0.988,0.825,1.203,5516,4.364,0.988,0.825,1.203
224,3453579,0.0,5579.0,4.308,1.067,0.843,0.978,5579,4.308,1.067,0.843,0.978
225,5637994,16.102,5982.0,4.123,1.364,0.901,0.5,5982,4.123,1.364,0.9009999999999999,0.5
226,9533062,0.0,5968.0,4.3260000000000005,1.055,0.861,1.032,5968,4.3260000000000005,1.055,0.861,1.032
227,8332260,0.0,5956.0,4.388999999999999,1.12,1.121,1.124,5956,4.3889999999999985,1.12,1.121,1.124
228,9897795,0.0,6018.0,4.0889999999999995,1.62,1.1740000000000002,0.3891,6018,4.089,1.62,1.1740000000000002,0.3891
229,5449264,14.085999999999999,5891.0,4.38,1.065,0.992,1.158,5891,4.38,1.065,0.992,1.158
230,5282313,14.673,5575.0,4.364,1.0170000000000001,0.871,1.168,5575,4.364,1.017,0.871,1.168
231,6422390,15.444,5960.0,4.1,1.459,0.978,0.4435,5960,4.1,1.459,0.978,0.4435
232,5822286,5.597,5529.0,4.385,0.9890000000000001,0.865,1.262,5529,4.385,0.989,0.865,1.262
233,3943262,15.24,5911.0,4.334,1.073,0.907,1.034,5911,4.334,1.073,0.907,1.034
234,6344224,17.497,5919.0,4.323,1.103,0.932,0.9795,5919,4.323,1.103,0.932,0.9795
235,9692557,14.932,5827.0,3.74,2.286,1.047,0.1233,5827,3.74,2.286,1.047,0.1233
236,10855313,36.931999999999995,5204.0,3.7760000000000002,2.3169999999999997,1.17,0.1324,5204,3.776,2.317,1.17,0.1324
237,7339348,2.11,5827.0,4.247,1.126,0.816,0.8047,5827,4.247,1.126,0.816,0.8047
238,10779917,0.0,5209.0,4.322,1.082,0.8959999999999999,0.9966,5209,4.322,1.082,0.8959999999999999,0.9966
239,4731961,12.052,6022.0,4.349,1.064,0.923,1.079,6022,4.349,1.064,0.9229999999999999,1.079
240,5340535,20.971999999999998,5952.0,3.694,2.838,1.452,0.08947000000000001,5952,3.694,2.838,1.452,0.08947000000000001
241,8473971,28.08,5763.0,4.381,0.929,0.757,1.33,5763,4.381,0.929,0.757,1.33
242,7008719,17.773,5870.0,4.376,1.104,1.055,1.105,5870,4.376,1.104,1.055,1.105
243,8054838,14.583,5383.0,4.055,1.482,0.91,0.3939,5383,4.055,1.482,0.91,0.3939
244,8189674,18.753,5583.0,3.633,3.049,1.457,0.07241,5583,3.633,3.049,1.4569999999999999,0.07241
245,11807529,16.186,5926.0,4.3660000000000005,1.147,1.114,1.04,5926,4.3660000000000005,1.147,1.114,1.04
246,12011535,25.094,5427.0,3.656,3.05,1.539,0.0764,5427,3.656,3.05,1.5390000000000001,0.0764
247,11672461,13.706,5766.0,4.363,1.068,0.96,1.109,5766,4.363,1.068,0.96,1.109
248,7523145,9.131,5955.0,3.989,1.7409999999999999,1.078,0.2875,5955,3.989,1.741,1.078,0.2875
249,5450893,10.388,6046.0,4.158,1.396,1.024,0.5302,6046,4.158,1.396,1.024,0.5302
250,4248221,13.902000000000001,5452.0,3.679,2.633,1.206,0.09307,5452,3.679,2.633,1.206,0.09307
251,9715739,48.001999999999995,5952.0,4.282,1.1079999999999999,0.857,0.8873,5952,4.282,1.108,0.857,0.8873
252,6128841,20.3,5892.0,4.1419999999999995,1.37,0.95,0.5205,5892,4.142,1.37,0.95,0.5205
253,9409185,9.495,5650.0,4.098,1.361,0.846,0.4727,5650,4.098,1.361,0.846,0.4727
254,6627158,16.723,5566.0,4.3660000000000005,0.993,0.8340000000000001,1.202,5566,4.3660000000000005,0.993,0.8340000000000001,1.202
255,5343741,12.164000000000001,5741.0,4.348,1.0979999999999999,0.979,1.043,5741,4.348,1.098,0.9790000000000001,1.043
256,9945576,29.932,5892.0,4.382,1.038,0.947,1.193,5892,4.382,1.038,0.9470000000000001,1.193
257,4916520,16.058,5952.0,4.135,1.3530000000000002,0.91,0.5179,5952,4.135,1.3530000000000002,0.91,0.5179
258,6755706,23.261,5931.0,3.957,1.7169999999999999,0.974,0.2709,5931,3.957,1.717,0.9740000000000001,0.2709
259,1868676,31.403000000000002,5770.0,4.072,1.548,1.032,0.3915,5770,4.072,1.548,1.032,0.3915
260,11519516,16.465,5959.0,4.0889999999999995,1.6019999999999999,1.149,0.3936,5959,4.089,1.602,1.149,0.3936
261,9242465,15.741,5857.0,3.764,2.497,1.3219999999999998,0.1195,5857,3.764,2.497,1.3219999999999998,0.1195
262,4047918,0.0,5919.0,4.346,0.966,0.754,1.179,5919,4.346,0.966,0.754,1.179
263,2285621,20.163,5582.0,4.3260000000000005,1.1179999999999999,0.965,0.9727,5582,4.3260000000000005,1.118,0.965,0.9727
264,8813698,12.279000000000002,5803.0,4.227,1.249,0.961,0.6939,5803,4.227,1.249,0.961,0.6939
265,9964492,11.982000000000001,5861.0,4.398,1.12,1.146,1.149,5861,4.398,1.12,1.146,1.149
266,8581574,45.163999999999994,5613.0,3.846,2.246,1.29,0.1604,5613,3.846,2.246,1.29,0.1604
267,8126029,11.622,5854.0,4.05,1.475,0.889,0.3908,5854,4.05,1.475,0.889,0.3908
268,10615440,9.521,6018.0,4.327,1.212,1.142,0.9024,6018,4.327,1.212,1.1420000000000001,0.9024
269,5003566,21.613000000000003,5808.0,4.3839999999999995,1.036,0.947,1.2009999999999998,5808,4.384,1.036,0.9470000000000001,1.2009999999999998
270,3837456,18.09,5746.0,3.842,1.999,1.015,0.1788,5746,3.842,1.999,1.015,0.1788
271,6392768,12.161,5899.0,4.127,1.348,0.888,0.5101,5899,4.127,1.348,0.888,0.5101
272,10355387,20.819000000000003,5548.0,4.3389999999999995,1.022,0.833,1.099,5548,4.339,1.022,0.833,1.099
273,6211942,12.687000000000001,5515.0,4.388999999999999,0.95,0.807,1.3259999999999998,5515,4.3889999999999985,0.95,0.807,1.3259999999999998
274,7037723,12.622,5962.0,4.034,1.71,1.153,0.3249,5962,4.034,1.71,1.153,0.3249
275,7848790,9.324,5908.0,3.983,1.682,0.991,0.2934,5908,3.983,1.682,0.991,0.2934
276,8330754,0.0,5582.0,4.348,1.074,0.936,1.0659999999999998,5582,4.348,1.074,0.9359999999999999,1.0659999999999998
277,11013409,0.0,5758.0,4.066,1.633,1.132,0.3663,5758,4.066,1.633,1.1320000000000001,0.3663
278,9333180,0.0,5861.0,4.306,1.075,0.8540000000000001,0.9670000000000001,5861,4.306,1.075,0.8540000000000001,0.967
279,9118981,1.495,6040.0,3.947,1.791,1.037,0.2542,6040,3.947,1.791,1.037,0.2542
280,8289534,11.97,5929.0,4.308,1.214,1.093,0.8609,5929,4.308,1.214,1.093,0.8609
281,9366989,12.919,5833.0,4.333,1.192,1.115,0.9275,5833,4.333,1.192,1.115,0.9275
282,2720309,0.413,5614.0,3.7460000000000004,2.5639999999999996,1.336,0.1117,5614,3.746,2.564,1.3359999999999999,0.1117
283,5729890,13.302999999999999,5930.0,4.397,1.052,1.007,1.218,5930,4.397,1.052,1.0070000000000001,1.218
284,9706565,14.743,5931.0,4.301,1.214,1.075,0.8461,5931,4.301,1.214,1.075,0.8461
285,8413815,15.823,5795.0,3.8689999999999998,2.1719999999999997,1.271,0.1747,5795,3.869,2.172,1.271,0.1747
286,8344820,0.0,5997.0,4.3069999999999995,1.065,0.838,0.9771,5997,4.307,1.065,0.838,0.9771
287,6504503,15.046,5516.0,4.138999999999999,1.335,0.895,0.5297,5516,4.1389999999999985,1.335,0.895,0.5297
288,5772558,21.69,5539.0,4.399,0.9640000000000001,0.85,1.339,5539,4.399,0.964,0.85,1.339
289,11410948,19.976,5988.0,4.109,1.419,0.945,0.4661,5988,4.109,1.419,0.945,0.4661
290,6212235,16.249000000000002,5947.0,4.078,1.6030000000000002,1.122,0.384,5947,4.078,1.6030000000000002,1.122,0.384
291,7378181,11.114,6056.0,4.397,1.079,1.054,1.181,6056,4.397,1.079,1.054,1.181
292,7699242,17.075,5497.0,4.372,1.001,0.86,1.208,5497,4.372,1.001,0.86,1.208
293,3853942,13.386,5272.0,3.717,2.066,0.8109999999999999,0.1296,5272,3.717,2.066,0.8109999999999999,0.1296
294,8295304,34.297,5509.0,4.334,1.038,0.848,1.069,5509,4.334,1.038,0.848,1.069
295,5040480,8.322000000000001,5310.0,3.955,1.632,0.877,0.2842,5310,3.955,1.632,0.877,0.2842
296,5438471,13.805,5684.0,4.243,1.2009999999999998,0.921,0.7484,5684,4.243,1.2009999999999998,0.9209999999999999,0.7484
297,5610665,16.512999999999998,6050.0,4.3260000000000005,1.128,0.984,0.9648,6050,4.3260000000000005,1.128,0.9840000000000001,0.9648
298,8039785,12.135,5776.0,4.337,1.0170000000000001,0.818,1.0959999999999999,5776,4.337,1.017,0.818,1.096
299,5476497,20.303,6050.0,3.694,2.693,1.308,0.09431,6050,3.694,2.693,1.308,0.09431
300,4345548,14.804,5552.0,4.115,1.3719999999999999,0.895,0.4883,5552,4.115,1.372,0.895,0.4883
301,9300457,21.156,5873.0,3.847,2.07,1.1,0.1746,5873,3.847,2.07,1.1,0.1746
302,9897010,9.008,5446.0,3.7960000000000003,2.3040000000000003,1.208,0.1391,5446,3.796,2.3040000000000003,1.208,0.1391
303,4663251,15.427,5746.0,3.927,1.9569999999999999,1.18,0.2217,5746,3.927,1.957,1.18,0.2217
304,2997755,0.0,5929.0,4.345,1.0979999999999999,0.974,1.037,5929,4.345,1.098,0.9740000000000001,1.037
305,2854141,21.092,6042.0,4.271,1.2429999999999999,1.05,0.7706,6042,4.271,1.243,1.05,0.7706
306,7515994,17.047,5755.0,4.388,1.016,0.922,1.236,5755,4.388,1.016,0.922,1.236
307,8128665,0.0,6042.0,4.275,1.22,1.023,0.7929,6042,4.275,1.22,1.023,0.7929
308,7820866,15.449000000000002,6025.0,4.39,1.041,0.972,1.212,6025,4.39,1.041,0.972,1.212
309,4048526,15.41,6007.0,3.665,2.5810000000000004,1.123,0.09194,6007,3.665,2.5810000000000004,1.123,0.09194
310,8711555,10.575999999999999,6053.0,4.1160000000000005,1.3769999999999998,0.903,0.48700000000000004,6053,4.1160000000000005,1.3769999999999998,0.903,0.487
311,2582973,21.333000000000002,5685.0,4.2139999999999995,1.27,0.963,0.6629999999999999,5685,4.214,1.27,0.963,0.6629999999999999
312,11725348,14.225,5636.0,4.386,0.956,0.8109999999999999,1.3090000000000002,5636,4.386,0.956,0.8109999999999999,1.3090000000000002
313,7840145,6.314,5778.0,4.087,1.452,0.94,0.4326,5778,4.087,1.452,0.94,0.4326
314,8656361,5.284,6033.0,3.741,2.6489999999999996,1.411,0.1069,6033,3.741,2.649,1.411,0.1069
315,10753401,15.001,5841.0,4.135,1.335,0.888,0.5256,5841,4.135,1.335,0.888,0.5256
316,8885419,19.154,5782.0,4.025,1.666,1.073,0.3269,5782,4.025,1.666,1.073,0.3269
317,8558997,41.358000000000004,5984.0,4.311,1.1,0.902,0.956,5984,4.311,1.1,0.902,0.956
318,9397038,19.741,5753.0,4.194,1.29,0.948,0.6218,5753,4.194,1.29,0.948,0.6218
319,7341020,6.862,5786.0,3.79,2.465,1.366,0.1284,5786,3.79,2.465,1.3659999999999999,0.1284
320,11340197,0.0,5356.0,3.9989999999999997,1.564,0.89,0.3275,5356,3.999,1.564,0.89,0.3275
321,1571088,17.663,5966.0,3.8089999999999997,2.322,1.267,0.1426,5966,3.809,2.322,1.2670000000000001,0.1426
322,7139200,0.0,5432.0,4.283,1.166,0.951,0.8449,5432,4.283,1.166,0.951,0.8449
323,11015239,12.922,5998.0,4.324,1.139,0.998,0.9523,5998,4.324,1.139,0.998,0.9523
324,8983703,0.0,5539.0,3.89,1.84,0.958,0.2167,5539,3.89,1.84,0.958,0.2167
325,2831252,17.34,5371.0,3.806,2.194,1.125,0.1499,5371,3.806,2.194,1.125,0.1499
326,8903821,16.993,5933.0,3.975,1.7690000000000001,1.08,0.2746,5933,3.975,1.769,1.08,0.2746
327,7764984,14.235999999999999,5919.0,3.715,2.419,1.107,0.1102,5919,3.715,2.419,1.107,0.1102
328,7664422,40.836999999999996,5316.0,3.926,1.672,0.86,0.2589,5316,3.926,1.672,0.86,0.2589
329,9452683,0.0,5236.0,3.872,1.7730000000000001,0.8540000000000001,0.2158,5236,3.872,1.773,0.8540000000000001,0.2158
330,4567165,10.099,5899.0,4.394,1.005,0.914,1.268,5899,4.394,1.005,0.914,1.268
331,5020319,9.047,6020.0,4.388999999999999,1.085,1.0490000000000002,1.157,6020,4.3889999999999985,1.085,1.0490000000000002,1.157
332,3743231,15.745,5661.0,3.7769999999999997,2.335,1.19,0.1316,5661,3.777,2.335,1.19,0.1316
333,9693187,49.208999999999996,5638.0,4.109,1.347,0.852,0.4907,5638,4.109,1.347,0.852,0.4907
334,7284881,18.767,5948.0,3.71,2.81,1.479,0.09386,5948,3.71,2.81,1.479,0.09386
335,8277130,19.022000000000002,5532.0,3.745,2.355,1.125,0.1212,5532,3.745,2.355,1.125,0.1212
336,5684249,0.0,5802.0,4.381,0.927,0.753,1.3319999999999999,5802,4.381,0.927,0.753,1.332
337,12218727,8.127,5774.0,3.87,1.87,0.945,0.2036,5774,3.87,1.87,0.945,0.2036
338,10556590,14.499,5880.0,4.274,1.193,0.976,0.8097,5880,4.274,1.193,0.976,0.8097
339,10556590,14.499,5880.0,4.274,1.193,0.976,0.8097,5880,4.274,1.193,0.976,0.8097
340,9096192,13.797,5511.0,4.396,0.966,0.848,1.325,5511,4.396,0.966,0.848,1.325
341,5696708,13.033,6047.0,4.109,1.482,1.031,0.4459,6047,4.109,1.482,1.031,0.4459
342,7548035,4.928,5988.0,4.397,1.07,1.043,1.199,5988,4.397,1.07,1.043,1.199
343,5215494,0.0,5245.0,3.965,1.6340000000000001,0.899,0.2903,5245,3.965,1.634,0.899,0.2903
344,3975754,14.177999999999999,5838.0,4.385,0.992,0.87,1.2570000000000001,5838,4.385,0.992,0.87,1.257
345,8581545,5.704,5978.0,3.95,1.936,1.219,0.2366,5978,3.95,1.936,1.219,0.2366
346,3743537,0.0,5299.0,3.957,1.633,0.8809999999999999,0.2852,5299,3.957,1.633,0.8809999999999999,0.2852
347,5788648,9.44,6004.0,4.367,1.06,0.955,1.13,6004,4.367,1.06,0.955,1.13
348,8198347,0.0,5551.0,3.9610000000000003,1.8419999999999999,1.131,0.2547,5551,3.961,1.842,1.131,0.2547
349,5120447,18.404,5812.0,4.191,1.256,0.894,0.6354,5812,4.191,1.256,0.894,0.6354
350,6463806,7.222,6026.0,4.246,1.258,1.018,0.7197,6026,4.246,1.258,1.018,0.7197
351,7420967,24.096,5791.0,4.397,0.953,0.8270000000000001,1.345,5791,4.397,0.953,0.8270000000000001,1.345
352,11297580,40.589,5629.0,3.7439999999999998,2.206,0.985,0.1293,5629,3.744,2.206,0.985,0.1293
353,6183129,13.114,5823.0,4.285,1.22,1.044,0.8107,5823,4.285,1.22,1.044,0.8107
354,7287978,45.823,5758.0,4.346,1.079,0.942,1.055,5758,4.346,1.079,0.9420000000000001,1.055
355,5696699,16.590999999999998,5520.0,4.0310000000000015,1.483,0.862,0.3726,5520,4.0310000000000015,1.483,0.862,0.3726
356,5868059,12.709000000000001,5623.0,4.173,1.402,1.0659999999999998,0.5447,5623,4.173,1.402,1.0659999999999998,0.5447
357,2141736,17.57,5676.0,4.306,1.058,0.826,0.9833,5676,4.306,1.058,0.826,0.9833
358,6446053,12.093,5747.0,4.0489999999999995,1.411,0.812,0.4074,5747,4.049,1.411,0.812,0.4074
359,7373387,14.456,5981.0,4.287,1.195,1.008,0.8314,5981,4.287,1.195,1.008,0.8314
360,8363660,13.536,5857.0,4.379,1.072,1.001,1.146,5857,4.379,1.072,1.001,1.146
361,11177676,15.784,5375.0,4.388999999999999,0.97,0.841,1.297,5375,4.3889999999999985,0.97,0.841,1.297
362,10517557,21.25,5772.0,4.0280000000000005,1.6840000000000002,1.103,0.3255,5772,4.0280000000000005,1.6840000000000002,1.103,0.3255
363,9706901,13.231,5651.0,4.377,1.032,0.925,1.187,5651,4.377,1.032,0.925,1.187
364,11090687,7.763999999999999,5865.0,4.102,1.531,1.081,0.4246,5865,4.102,1.531,1.081,0.4246
365,11045409,15.025,5676.0,3.917,1.8659999999999999,1.051,0.2277,5676,3.917,1.866,1.051,0.2277
366,7036763,12.097999999999999,5880.0,4.325,0.996,0.765,1.09,5880,4.325,0.996,0.765,1.09
367,8459744,18.578,5952.0,4.181,1.406,1.091,0.5534,5952,4.181,1.406,1.091,0.5534
368,7115012,12.962,5303.0,4.372,1.011,0.879,1.197,5303,4.372,1.011,0.879,1.197
369,10453588,17.189,5753.0,4.2,1.222,0.863,0.6666,5753,4.2,1.222,0.863,0.6666
370,7584294,14.758,6003.0,4.369,1.085,1.002,1.1059999999999999,6003,4.369,1.085,1.002,1.106
371,3103698,14.049000000000001,5687.0,4.046,1.4240000000000002,0.8220000000000001,0.4008,5687,4.046,1.4240000000000002,0.8220000000000001,0.4008
372,7447645,15.96,5979.0,4.25,1.273,1.051,0.7185,5979,4.25,1.273,1.051,0.7185
373,9595994,21.651999999999997,5641.0,4.204,1.317,1.01,0.6233,5641,4.204,1.317,1.01,0.6233
374,3557141,15.424000000000001,5941.0,4.314,1.069,0.8590000000000001,0.9901,5941,4.314,1.069,0.8590000000000001,0.9901
375,10662300,16.345,5473.0,4.107,1.39,0.902,0.4731,5473,4.107,1.39,0.902,0.4731
376,4850488,8.851,5731.0,4.1530000000000005,1.3880000000000001,0.999,0.526,5731,4.1530000000000005,1.388,0.9990000000000001,0.526
377,4265354,13.932,5659.0,4.258,1.2409999999999999,1.017,0.7502,5659,4.258,1.241,1.0170000000000001,0.7502
378,9776327,10.787,5360.0,4.38,1.0170000000000001,0.904,1.21,5360,4.38,1.017,0.904,1.21
379,8574113,14.757,5784.0,4.399,0.919,0.7709999999999999,1.399,5784,4.399,0.919,0.7709999999999999,1.399
380,4751423,13.872,5675.0,4.351,1.064,0.926,1.084,5675,4.351,1.064,0.9259999999999999,1.084
381,11805480,13.783,6013.0,4.348,1.093,0.972,1.05,6013,4.348,1.093,0.972,1.05
382,8077380,8.968,5618.0,3.638,2.489,0.982,0.0897,5618,3.638,2.489,0.982,0.0897
383,6424073,17.148,5819.0,4.375,1.04,0.936,1.17,5819,4.375,1.04,0.9359999999999999,1.17
384,3329136,14.620999999999999,5900.0,4.1339999999999995,1.3969999999999998,0.971,0.5013,5900,4.134,1.3969999999999998,0.971,0.5013
385,9668665,12.952,5712.0,3.865,2.073,1.147,0.1813,5712,3.865,2.073,1.147,0.1813
386,10795039,45.87,5907.0,4.019,1.56,0.929,0.3448,5907,4.019,1.56,0.929,0.3448
387,7693724,17.052,5675.0,4.077,1.463,0.933,0.4194,5675,4.077,1.463,0.9329999999999999,0.4194
388,5092731,14.334000000000001,5842.0,4.2989999999999995,1.168,0.991,0.8757,5842,4.299,1.168,0.991,0.8757
389,8707570,0.0,5277.0,4.012,1.564,0.916,0.337,5277,4.012,1.564,0.9159999999999999,0.337
390,6868860,21.881,5219.0,4.033,1.544,0.939,0.3594,5219,4.033,1.544,0.9390000000000001,0.3594
391,7416306,14.98,5425.0,3.7039999999999997,2.655,1.304,0.09808,5425,3.704,2.655,1.304,0.09808
392,5697805,14.710999999999999,5915.0,4.284,1.11,0.866,0.8907,5915,4.284,1.11,0.866,0.8907
393,5686759,17.227,5207.0,3.7489999999999997,2.0069999999999997,0.825,0.1436,5207,3.749,2.007,0.825,0.1436
394,5462311,14.558,6045.0,4.176,1.364,1.019,0.5651,6045,4.176,1.364,1.0190000000000001,0.5651
395,7949677,14.091,5892.0,4.382,1.038,0.947,1.193,5892,4.382,1.038,0.9470000000000001,1.193
396,5639617,13.220999999999998,5956.0,4.375,1.0290000000000001,0.917,1.185,5956,4.375,1.029,0.917,1.185
397,4446140,16.314,5885.0,3.924,1.807,1.0,0.2388,5885,3.924,1.807,1.0,0.2388
398,10074605,11.619000000000002,5700.0,4.383,1.016,0.909,1.22,5700,4.383,1.016,0.909,1.22
399,7335509,30.747,5792.0,4.346,1.094,0.969,1.042,5792,4.346,1.094,0.9690000000000001,1.042
400,8569698,12.754000000000001,5349.0,4.396,0.963,0.841,1.328,5349,4.396,0.963,0.841,1.328
401,2858292,16.187,5927.0,4.171,1.379,1.028,0.5526,5927,4.171,1.379,1.028,0.5526
402,8526878,15.015999999999998,5811.0,4.11,1.476,1.022,0.4481,5811,4.11,1.476,1.022,0.4481
403,7255555,20.892,5942.0,4.375,1.092,1.029,1.115,5942,4.375,1.092,1.0290000000000001,1.115
404,9570221,18.007,6047.0,4.356,1.103,1.007,1.057,6047,4.356,1.103,1.0070000000000001,1.057
405,10718535,7.523,5923.0,4.215,1.288,0.992,0.6546,5923,4.215,1.288,0.992,0.6546
406,8804283,16.291,5478.0,4.36,1.064,0.946,1.107,5478,4.36,1.064,0.946,1.107
407,6586208,12.927999999999999,5370.0,4.337,1.055,0.8809999999999999,1.056,5370,4.337,1.055,0.8809999999999999,1.056
408,10197841,21.021,5725.0,4.055,1.4980000000000002,0.93,0.3894,5725,4.055,1.4980000000000002,0.93,0.3894
409,7729207,12.953,5504.0,4.357,1.002,0.8340000000000001,1.167,5504,4.357,1.002,0.8340000000000001,1.167
410,9418746,12.815999999999999,5539.0,4.2780000000000005,1.169,0.944,0.8325,5539,4.2780000000000005,1.169,0.9440000000000001,0.8325
411,4770798,15.59,5553.0,4.33,1.0979999999999999,0.941,1.001,5553,4.33,1.098,0.941,1.001
412,11564870,5.404,5607.0,4.313,1.053,0.831,1.002,5607,4.313,1.053,0.831,1.002
413,5783428,11.835,5583.0,4.381,0.995,0.868,1.242,5583,4.381,0.995,0.868,1.242
414,8570436,13.357000000000001,5929.0,4.373,1.085,1.012,1.1179999999999999,5929,4.373,1.085,1.012,1.118
415,5431009,15.734000000000002,6014.0,4.164,1.4469999999999998,1.114,0.5173,6014,4.164,1.4469999999999998,1.114,0.5173
416,1432789,14.895999999999999,5782.0,4.28,1.22,1.035,0.8029999999999999,5782,4.28,1.22,1.035,0.8029999999999999
417,10229329,27.62,5216.0,3.907,1.723,0.875,0.24100000000000002,5216,3.907,1.723,0.875,0.241
418,8703528,0.2,5491.0,3.702,2.83,1.47,0.0914,5491,3.702,2.83,1.47,0.0914
419,6382838,0.0,5610.0,3.987,1.662,0.978,0.3003,5610,3.987,1.662,0.978,0.3003
420,5430087,14.008,6020.0,4.301,1.256,1.152,0.8191,6020,4.301,1.256,1.1520000000000001,0.8191
421,8188972,44.129,5701.0,4.362,0.9620000000000001,0.7759999999999999,1.23,5701,4.362,0.962,0.7759999999999999,1.23
422,12356966,17.916,5606.0,4.2989999999999995,1.16,0.977,0.8819,5606,4.299,1.16,0.977,0.8819
423,10517413,17.595,6042.0,4.106,1.581,1.164,0.415,6042,4.106,1.581,1.1640000000000001,0.415
424,8018709,14.379000000000001,5465.0,3.745,2.513,1.281,0.1137,5465,3.745,2.513,1.281,0.1137
425,5450253,15.437000000000001,5552.0,4.372,0.97,0.81,1.249,5552,4.372,0.97,0.81,1.249
426,6142585,38.91,5360.0,3.688,2.847,1.44,0.08788,5360,3.688,2.847,1.44,0.08788
427,7050370,15.625,5979.0,4.354,1.102,1.0,1.052,5979,4.354,1.102,1.0,1.052
428,8179635,14.732000000000001,5767.0,4.397,0.9640000000000001,0.847,1.331,5767,4.397,0.964,0.847,1.331
429,6105359,15.767999999999999,5533.0,4.244,1.255,1.009,0.7181,5533,4.244,1.255,1.0090000000000001,0.7181
430,9898857,14.258,5782.0,4.3919999999999995,1.08,1.05,1.1740000000000002,5782,4.392,1.08,1.05,1.1740000000000002
431,10593587,16.177,5375.0,4.382,0.981,0.847,1.263,5375,4.382,0.981,0.847,1.263
432,2010835,45.653999999999996,5959.0,4.167,1.3159999999999998,0.927,0.5732,5959,4.167,1.3159999999999998,0.927,0.5732
433,4543666,0.0,5781.0,4.364,1.115,1.0490000000000002,1.0659999999999998,5781,4.364,1.115,1.0490000000000002,1.0659999999999998
434,5385647,15.671,5349.0,4.044,1.505,0.914,0.3778,5349,4.044,1.505,0.914,0.3778
435,4172164,16.206,5442.0,3.858,2.166,1.233,0.171,5442,3.858,2.166,1.2329999999999999,0.171
436,10556951,0.0,5678.0,4.395,0.997,0.902,1.2819999999999998,5678,4.395,0.997,0.902,1.2819999999999998
437,3230787,17.584,5883.0,4.04,1.554,0.966,0.3624,5883,4.04,1.554,0.966,0.3624
438,6314433,15.458,6050.0,3.9,1.903,1.0490000000000002,0.2144,6050,3.9,1.903,1.0490000000000002,0.2144
439,11876347,14.399000000000001,5827.0,4.3210000000000015,1.099,0.922,0.9801,5827,4.3210000000000015,1.099,0.922,0.9801
440,11285935,11.448,5955.0,4.356,1.051,0.915,1.111,5955,4.356,1.051,0.915,1.111
441,757099,20.361,5519.0,3.822,2.109,1.077,0.1618,5519,3.822,2.109,1.077,0.1618
442,9245354,0.0,5636.0,4.14,1.364,0.937,0.5194,5636,4.14,1.364,0.937,0.5194
443,12105345,24.572,5564.0,4.364,0.982,0.813,1.209,5564,4.364,0.982,0.813,1.209
444,8129232,0.0,5623.0,3.984,1.645,0.952,0.301,5623,3.984,1.645,0.9520000000000001,0.301
445,9048239,14.196,5734.0,4.277,1.117,0.862,0.8708,5734,4.277,1.117,0.862,0.8708
446,10844288,14.213,5349.0,3.725,2.295,1.02,0.1188,5349,3.725,2.295,1.02,0.1188
447,6425088,11.39,5578.0,4.315,1.078,0.877,0.9855,5578,4.315,1.078,0.877,0.9855
448,2283989,11.956,5948.0,4.329,1.088,0.919,1.006,5948,4.329,1.088,0.919,1.006
449,10586967,15.232999999999999,5565.0,4.385,0.9840000000000001,0.856,1.268,5565,4.385,0.984,0.856,1.268
450,5184018,15.564,5833.0,4.355,1.084,0.969,1.073,5833,4.355,1.084,0.9690000000000001,1.073
451,10580913,17.241,5357.0,4.042,1.506,0.911,0.3756,5357,4.042,1.506,0.9109999999999999,0.3756
452,9107602,12.116,5583.0,4.136,1.3230000000000002,0.8740000000000001,0.5324,5583,4.136,1.3230000000000002,0.8740000000000001,0.5324
453,2998680,15.705,5866.0,4.379,1.036,0.938,1.188,5866,4.379,1.036,0.938,1.188
454,6182700,12.29,5573.0,3.9619999999999997,1.7469999999999999,1.022,0.27,5573,3.962,1.747,1.022,0.27
455,6185417,18.033,5883.0,4.149,1.5290000000000001,1.205,0.4752,5883,4.149,1.529,1.205,0.4752
456,8574950,15.012,5510.0,4.301,1.1420000000000001,0.952,0.8994,5510,4.301,1.142,0.9520000000000001,0.8994
457,4066688,16.39,5596.0,4.337,1.122,0.998,0.9954,5596,4.337,1.122,0.998,0.9954
458,11361601,14.868,5971.0,3.9189999999999996,1.9569999999999999,1.16,0.218,5971,3.919,1.957,1.16,0.218
459,4633575,18.137,5888.0,3.721,2.519,1.218,0.1073,5888,3.721,2.519,1.218,0.1073
460,9963635,19.235,5912.0,4.263999999999999,1.167,0.911,0.8079,5912,4.2639999999999985,1.167,0.9109999999999999,0.8079
461,10385437,0.0,5899.0,4.367,1.052,0.941,1.137,5899,4.367,1.052,0.941,1.137
462,8678337,7.8260000000000005,5655.0,3.707,2.702,1.356,0.09679,5655,3.707,2.702,1.3559999999999999,0.09679
463,10924572,14.798,5427.0,4.334,1.058,0.8809999999999999,1.047,5427,4.334,1.058,0.8809999999999999,1.047
464,8737020,14.664000000000001,5245.0,3.707,2.496,1.156,0.1047,5245,3.707,2.496,1.156,0.1047
465,9533372,0.0,5968.0,3.887,1.944,1.062,0.2037,5968,3.887,1.944,1.062,0.2037
466,7013222,23.124000000000002,6036.0,4.322,1.1540000000000001,1.018,0.9329,6036,4.322,1.154,1.018,0.9329
467,7362863,0.0,5328.0,3.924,1.672,0.856,0.2581,5328,3.924,1.672,0.856,0.2581
468,6307430,12.285,5903.0,4.35,1.002,0.82,1.148,5903,4.35,1.002,0.82,1.148
469,7765135,2.5540000000000003,5951.0,4.072,1.401,0.845,0.4328,5951,4.072,1.401,0.845,0.4328
470,5954304,14.048,5865.0,4.027,1.645,1.05,0.3322,5865,4.027,1.645,1.05,0.3322
471,5450769,20.798000000000002,5791.0,3.784,2.526,1.416,0.1238,5791,3.784,2.526,1.416,0.1238
472,4480749,16.651,5855.0,4.382,1.022,0.919,1.212,5855,4.382,1.022,0.919,1.212
473,10554689,15.261,5727.0,4.396,0.998,0.905,1.281,5727,4.396,0.998,0.905,1.281
474,8053926,24.701999999999998,5996.0,3.821,2.373,1.361,0.1435,5996,3.821,2.373,1.361,0.1435
475,7377160,0.0,5670.0,3.948,1.578,0.8059999999999999,0.2888,5670,3.948,1.578,0.8059999999999999,0.2888
476,11460716,12.220999999999998,5244.0,3.7239999999999998,2.705,1.413,0.1005,5244,3.724,2.705,1.413,0.1005
477,3437548,17.838,6013.0,3.7969999999999997,2.506,1.4340000000000002,0.1284,6013,3.797,2.506,1.4340000000000002,0.1284
478,9592239,13.796,6035.0,4.379,1.012,0.894,1.215,6035,4.379,1.012,0.894,1.215
479,9183522,15.427,5754.0,4.082,1.452,0.927,0.4269,5754,4.082,1.452,0.927,0.4269
480,6766634,13.642000000000001,6018.0,4.257,1.286,1.09,0.7216,6018,4.257,1.286,1.09,0.7216
481,7598321,13.352,5700.0,4.165,1.265,0.853,0.5935,5700,4.165,1.265,0.853,0.5935
482,4991457,0.0,5670.0,4.391,0.973,0.85,1.301,5670,4.391,0.973,0.85,1.301
483,6963092,14.892999999999999,5904.0,4.3660000000000005,1.1420000000000001,1.105,1.046,5904,4.3660000000000005,1.142,1.105,1.046
484,8935480,12.75,5589.0,3.7939999999999996,2.434,1.344,0.1314,5589,3.794,2.434,1.344,0.1314
485,4474532,13.814,5963.0,4.287,1.182,0.989,0.8431,5963,4.287,1.182,0.9890000000000001,0.8431
486,5780885,4.8839999999999995,6036.0,3.968,1.909,1.236,0.2501,6036,3.968,1.909,1.236,0.2501
487,7283306,17.525,5231.0,3.6689999999999996,2.679,1.221,0.08943999999999999,5231,3.669,2.679,1.2209999999999999,0.08943999999999999
488,8509611,0.0,5903.0,4.303,1.0490000000000002,0.807,0.9829,5903,4.303,1.0490000000000002,0.807,0.9829
489,8949925,17.054000000000002,5846.0,4.293,1.178,0.994,0.8567,5846,4.293,1.178,0.9940000000000001,0.8567
490,12884118,13.960999999999999,5991.0,4.301,1.067,0.8290000000000001,0.9622,5991,4.301,1.067,0.8290000000000001,0.9622
491,6343819,0.0,5691.0,4.159,1.321,0.919,0.5612,5691,4.159,1.321,0.919,0.5612
492,5943886,16.678,6006.0,3.717,2.61,1.295,0.1026,6006,3.717,2.61,1.295,0.1026
493,9152016,43.172,5575.0,4.372,0.9670000000000001,0.804,1.253,5575,4.372,0.967,0.804,1.253
494,6182131,7.98,5768.0,3.698,2.7769999999999997,1.405,0.09242,5768,3.698,2.777,1.405,0.09242
495,7770569,17.217,5616.0,3.887,1.955,1.075,0.2027,5616,3.887,1.955,1.075,0.2027
496,4248541,14.37,5866.0,4.393,1.032,0.962,1.2309999999999999,5866,4.393,1.032,0.9620000000000001,1.231
497,7017281,12.072000000000001,5496.0,3.7710000000000004,2.17,1.014,0.1398,5496,3.771,2.17,1.014,0.1398
498,5636733,16.945999999999998,5866.0,4.191,1.339,1.016,0.5962,5866,4.191,1.339,1.016,0.5962
499,9345393,13.958,5312.0,3.694,2.855,1.4680000000000002,0.08885,5312,3.694,2.855,1.4680000000000002,0.08885
500,5731733,15.797,5714.0,3.6639999999999997,2.904,1.42,0.08165,5714,3.664,2.904,1.42,0.08165
501,8377257,17.852999999999998,5726.0,4.332,1.024,0.8220000000000001,1.079,5726,4.332,1.024,0.8220000000000001,1.079
502,10580281,13.835999999999999,5745.0,4.364,0.995,0.8370000000000001,1.195,5745,4.364,0.995,0.8370000000000001,1.195
503,6509957,12.45,5966.0,4.243,1.3159999999999998,1.106,0.6836,5966,4.243,1.3159999999999998,1.1059999999999999,0.6836
504,10583818,21.434,5615.0,4.122,1.335,0.861,0.5099,5615,4.122,1.335,0.861,0.5099
505,10399343,13.98,5689.0,4.372,0.9490000000000001,0.773,1.275,5689,4.372,0.949,0.773,1.275
506,10089269,0.0,5931.0,4.2589999999999995,1.237,1.014,0.7536,5931,4.259,1.237,1.014,0.7536
507,11499859,16.157,6042.0,4.272,1.197,0.978,0.8029,6042,4.272,1.197,0.978,0.8029
508,5000509,16.682000000000002,5587.0,3.9930000000000003,1.64,0.966,0.3086,5587,3.993,1.64,0.966,0.3086
509,7918172,17.967,5209.0,3.9989999999999997,1.595,0.927,0.3217,5209,3.999,1.595,0.927,0.3217
510,3437785,17.486,5959.0,3.905,1.85,1.002,0.2231,5959,3.905,1.85,1.002,0.2231
511,10404873,14.245,5900.0,4.376,1.025,0.913,1.192,5900,4.376,1.025,0.9129999999999999,1.192
512,11290555,15.922,6029.0,4.383,0.91,0.7290000000000001,1.361,6029,4.383,0.91,0.7290000000000001,1.361
513,11200049,16.084,5794.0,4.369,1.055,0.948,1.138,5794,4.369,1.055,0.948,1.138
514,5271947,18.875999999999998,5806.0,4.353,1.101,0.996,1.052,5806,4.353,1.101,0.996,1.052
515,9673173,13.8,6039.0,4.242,1.278,1.041,0.7019,6039,4.242,1.278,1.041,0.7019
516,9569401,0.0,6040.0,4.289,1.182,0.991,0.8458,6040,4.289,1.182,0.991,0.8458
517,5019736,14.408,5845.0,4.345,1.046,0.884,1.088,5845,4.345,1.046,0.884,1.088
518,10160355,15.232000000000001,5846.0,3.73,2.641,1.364,0.1043,5846,3.73,2.641,1.364,0.1043
519,4750567,0.0,6049.0,4.34,1.088,0.946,1.034,6049,4.34,1.088,0.946,1.034
520,11571404,16.503,6015.0,4.004,1.567,0.904,0.3305,6015,4.004,1.567,0.904,0.3305
521,4555166,15.184000000000001,5405.0,3.8710000000000004,2.075,1.167,0.184,5405,3.871,2.075,1.167,0.184
522,4571573,13.298,5981.0,4.327,1.122,0.976,0.9739,5981,4.327,1.122,0.976,0.9739
523,9137437,12.878,5956.0,4.375,1.0290000000000001,0.917,1.185,5956,4.375,1.029,0.917,1.185
524,7372866,0.0,5999.0,4.292,1.105,0.872,0.9117,5999,4.292,1.105,0.872,0.9117
525,7741084,15.055,5254.0,3.71,2.637,1.301,0.09995,5254,3.71,2.637,1.301,0.09995
526,8684730,18.705,5877.0,3.927,1.963,1.187,0.221,5877,3.927,1.963,1.187,0.221
527,11602328,0.0,5297.0,4.338,1.06,0.8909999999999999,1.055,5297,4.338,1.06,0.8909999999999999,1.055
528,5269651,13.731,5788.0,3.759,1.9780000000000002,0.8190000000000001,0.149,5788,3.759,1.978,0.8190000000000001,0.149
529,5096701,15.359000000000002,5985.0,3.687,2.806,1.398,0.08912,5985,3.687,2.806,1.3980000000000001,0.08912
530,4548654,19.177,5700.0,4.372,0.9470000000000001,0.7709999999999999,1.2770000000000001,5700,4.372,0.947,0.7709999999999999,1.277
531,5861010,16.229,5895.0,4.314,1.159,1.009,0.9139,5895,4.314,1.159,1.0090000000000001,0.9139
532,3448818,20.519000000000002,5993.0,4.016,1.61,0.98,0.3308,5993,4.016,1.61,0.98,0.3308
533,11140232,15.064,5311.0,3.864,1.7690000000000001,0.8340000000000001,0.2122,5311,3.864,1.769,0.8340000000000001,0.2122
534,5783441,19.986,5423.0,4.399,0.998,0.911,1.291,5423,4.399,0.998,0.9109999999999999,1.291
535,10264583,14.579,5692.0,4.388999999999999,1.015,0.921,1.239,5692,4.3889999999999985,1.015,0.9209999999999999,1.239
536,8048003,16.159000000000002,5735.0,4.062,1.392,0.816,0.4262,5735,4.062,1.392,0.816,0.4262
537,11074253,41.283,5472.0,4.337,1.04,0.856,1.073,5472,4.337,1.04,0.856,1.073
538,6468089,11.357000000000001,5933.0,4.294,1.226,1.079,0.8240000000000001,5933,4.294,1.226,1.079,0.8240000000000001
539,5900081,12.229000000000001,6050.0,4.324,1.195,1.097,0.9055,6050,4.324,1.195,1.097,0.9055
540,4759796,13.339,5689.0,4.396,0.995,0.899,1.285,5689,4.396,0.995,0.899,1.285
541,9291569,15.164000000000001,6035.0,4.263999999999999,1.225,1.007,0.7712,6035,4.2639999999999985,1.225,1.0070000000000001,0.7712
542,4908107,16.072,5847.0,3.67,2.87,1.406,0.08373,5847,3.67,2.87,1.406,0.08373
543,8914238,13.517000000000001,5966.0,3.824,2.385,1.381,0.1434,5966,3.824,2.385,1.381,0.1434
544,6791808,13.567,6057.0,4.398,1.01,0.932,1.273,6057,4.398,1.01,0.932,1.273
545,12118443,13.110999999999999,5967.0,4.396,0.945,0.81,1.3519999999999999,5967,4.396,0.945,0.81,1.352
546,5905714,14.106,5655.0,4.394,1.071,1.035,1.187,5655,4.394,1.071,1.035,1.187
547,5164924,12.015999999999998,5688.0,4.283,1.109,0.86,0.8888,5688,4.283,1.109,0.86,0.8888
548,6463499,12.038,5780.0,3.7289999999999996,2.478,1.2009999999999998,0.1112,5780,3.729,2.478,1.2009999999999998,0.1112
549,11857920,22.478,5508.0,4.3580000000000005,1.022,0.868,1.147,5508,4.3580000000000005,1.022,0.868,1.147
550,11443087,15.298,5937.0,4.064,1.5030000000000001,0.955,0.3959,5937,4.064,1.503,0.955,0.3959
551,9508996,15.600999999999999,5941.0,4.3069999999999995,1.263,1.182,0.8263,5941,4.307,1.263,1.182,0.8263
552,11751202,13.784,5219.0,4.033,1.544,0.939,0.3594,5219,4.033,1.544,0.9390000000000001,0.3594
553,9334867,15.475,6038.0,4.284,1.1909999999999998,0.995,0.8298,6038,4.284,1.1909999999999998,0.995,0.8298
554,6867032,12.87,5559.0,3.968,1.617,0.8859999999999999,0.2951,5559,3.968,1.617,0.8859999999999999,0.2951
555,10734703,16.179000000000002,5969.0,4.365,1.189,1.197,1.003,5969,4.365,1.189,1.197,1.003
556,8129352,0.0,5553.0,3.826,1.96,0.939,0.1756,5553,3.826,1.96,0.9390000000000001,0.1756
557,8329496,0.0,5470.0,3.772,2.12,0.97,0.1433,5470,3.772,2.12,0.97,0.1433
558,5854038,18.229,5945.0,4.128,1.381,0.934,0.4996,5945,4.128,1.381,0.934,0.4996
559,7677340,11.288,6017.0,4.31,1.177,1.031,0.8898,6017,4.31,1.177,1.031,0.8898
560,4861991,7.609,5996.0,4.217,1.285,0.993,0.66,5996,4.217,1.285,0.993,0.66
561,11244547,16.718,5635.0,4.295,1.173,0.989,0.8629,5635,4.295,1.173,0.9890000000000001,0.8629
562,7953766,17.375,5766.0,4.32,1.013,0.7809999999999999,1.0590000000000002,5766,4.32,1.013,0.7809999999999999,1.0590000000000002
563,6964343,12.554,5782.0,4.282,1.141,0.908,0.8622,5782,4.282,1.141,0.9079999999999999,0.8622
564,10490960,2.841,5897.0,4.2780000000000005,1.196,0.99,0.8155,5897,4.2780000000000005,1.196,0.99,0.8155
565,10354861,47.297,5552.0,4.372,0.97,0.81,1.249,5552,4.372,0.97,0.81,1.249
566,9349757,15.734000000000002,5574.0,4.332,1.1,0.948,1.004,5574,4.332,1.1,0.948,1.004
567,3642564,13.133,6007.0,4.105,1.403,0.915,0.4662,6007,4.105,1.403,0.915,0.4662
568,3342794,7.811,5845.0,4.2,1.314,0.998,0.6194,5845,4.2,1.314,0.998,0.6194
569,8885226,19.348,5825.0,4.29,1.187,1.001,0.8426,5825,4.29,1.187,1.001,0.8426
570,9279765,0.0,5307.0,3.912,1.8,0.964,0.2327,5307,3.912,1.8,0.9640000000000001,0.2327
571,9641657,46.147,5338.0,4.39,0.9740000000000001,0.8490000000000001,1.2930000000000001,5338,4.39,0.974,0.8490000000000001,1.293
572,7547448,13.167,5620.0,4.354,0.987,0.8029999999999999,1.175,5620,4.354,0.987,0.8029999999999999,1.175
573,12266454,0.0,5666.0,4.365,1.025,0.888,1.161,5666,4.365,1.025,0.888,1.161
574,11038123,11.992,5282.0,3.93,1.673,0.871,0.2618,5282,3.93,1.673,0.871,0.2618
575,3626665,44.6,6008.0,3.8989999999999996,1.88,1.021,0.2166,6008,3.899,1.88,1.021,0.2166
576,4043166,0.0,5795.0,4.231,1.175,0.858,0.7441,5795,4.231,1.175,0.858,0.7441
577,5353874,20.129,5763.0,4.188,1.3619999999999999,1.043,0.5815,5763,4.188,1.362,1.043,0.5815
578,9278084,16.980999999999998,5702.0,4.334,1.051,0.871,1.055,5702,4.334,1.051,0.871,1.055
579,6125921,15.341,5792.0,4.215,1.235,0.912,0.6823,5792,4.215,1.235,0.912,0.6823
580,5821550,10.759,5922.0,4.258,1.187,0.93,0.7835,5922,4.258,1.187,0.93,0.7835
581,2018619,18.325,5597.0,4.163,1.419,1.068,0.5261,5597,4.163,1.419,1.068,0.5261
582,5354631,22.038,5456.0,3.656,2.533,1.058,0.09178,5456,3.656,2.533,1.058,0.09178
583,8481416,11.982000000000001,5922.0,4.398,1.057,1.019,1.216,5922,4.398,1.057,1.0190000000000001,1.216
584,6059988,17.597,5783.0,4.277,1.147,0.909,0.8482,5783,4.277,1.147,0.909,0.8482
585,3529147,14.359000000000002,5899.0,4.367,1.052,0.941,1.137,5899,4.367,1.052,0.941,1.137
586,3324568,43.946000000000005,6026.0,4.271,1.173,0.935,0.8165,6026,4.271,1.173,0.935,0.8165
587,4456150,7.297000000000001,5878.0,4.309,1.157,0.996,0.9049,5878,4.309,1.157,0.996,0.9049
588,4768279,17.559,5940.0,3.8760000000000003,2.105,1.213,0.1831,5940,3.876,2.105,1.213,0.1831
589,12506744,17.266,6003.0,4.346,1.085,0.954,1.051,6003,4.346,1.085,0.9540000000000001,1.051
590,12252617,15.867,5872.0,3.8939999999999997,2.024,1.171,0.19899999999999998,5872,3.894,2.024,1.171,0.199
591,11014767,28.197,5817.0,3.9360000000000004,1.71,0.921,0.2593,5817,3.936,1.71,0.9209999999999999,0.2593
592,10684371,13.944,5821.0,3.958,1.556,0.8009999999999999,0.2997,5821,3.958,1.556,0.8009999999999999,0.2997
593,8081256,16.965,5944.0,3.9560000000000004,1.831,1.106,0.2536,5944,3.956,1.831,1.1059999999999999,0.2536
594,3113630,4.956,6022.0,3.7310000000000003,2.582,1.311,0.1073,6022,3.731,2.582,1.311,0.1073
595,5005751,12.905,6003.0,4.263999999999999,1.129,0.8540000000000001,0.8348,6003,4.2639999999999985,1.129,0.8540000000000001,0.8348
596,7761055,15.645999999999999,5884.0,4.103,1.683,1.3090000000000002,0.3865,5884,4.103,1.683,1.3090000000000002,0.3865
597,4907266,16.307000000000002,5962.0,4.238,1.3659999999999999,1.179,0.6506,5962,4.238,1.366,1.179,0.6506
598,9447625,0.0,6053.0,4.3919999999999995,1.077,1.041,1.175,6053,4.392,1.077,1.041,1.175
599,8261336,16.378,5792.0,4.388,0.9670000000000001,0.8340000000000001,1.298,5792,4.388,0.967,0.8340000000000001,1.298
600,9142010,15.633,5733.0,4.342,1.069,0.918,1.057,5733,4.342,1.069,0.9179999999999999,1.057
601,10122003,17.94,5649.0,4.293,1.1179999999999999,0.8959999999999999,0.9025,5649,4.293,1.118,0.8959999999999999,0.9025
602,9027846,15.968,6024.0,4.373,1.013,0.883,1.197,6024,4.373,1.013,0.883,1.197
603,8639332,13.789000000000001,5710.0,3.9189999999999996,1.946,1.147,0.2191,5710,3.919,1.946,1.147,0.2191
604,6110128,0.0,5775.0,4.396,1.0390000000000001,0.98,1.2309999999999999,5775,4.396,1.039,0.98,1.231
605,8591424,0.0,5601.0,4.01,1.649,1.014,0.3187,5601,4.01,1.649,1.014,0.3187
606,11621155,15.045,6008.0,4.243,1.253,1.002,0.7181,6008,4.243,1.253,1.002,0.7181
607,6293199,0.0,5504.0,3.8110000000000004,1.838,0.797,0.1809,5504,3.811,1.838,0.797,0.1809
608,6509581,14.79,5775.0,4.362,1.079,0.977,1.095,5775,4.362,1.079,0.977,1.095
609,8182091,22.95,5712.0,4.388,0.988,0.87,1.271,5712,4.388,0.988,0.87,1.271
610,9828294,50.096000000000004,5377.0,3.8489999999999998,2.189,1.235,0.1658,5377,3.849,2.189,1.235,0.1658
611,11958479,10.124,5747.0,4.387,0.976,0.847,1.284,5747,4.387,0.976,0.847,1.284
612,8214403,0.0,5228.0,3.696,2.608,1.232,0.09783,5228,3.696,2.608,1.232,0.09783
613,5344310,0.0,5588.0,4.328,1.089,0.92,1.003,5588,4.328,1.089,0.92,1.003
614,10420475,40.707,6025.0,3.945,1.8969999999999998,1.156,0.2386,6025,3.945,1.897,1.156,0.2386
615,10718221,12.575999999999999,5947.0,3.992,1.766,1.117,0.2858,5947,3.992,1.766,1.117,0.2858
616,5306664,14.123,5876.0,4.319,1.094,0.91,0.9777,5876,4.319,1.094,0.91,0.9777
617,5511081,10.113,5951.0,4.0169999999999995,1.693,1.086,0.3154,5951,4.017,1.693,1.0859999999999999,0.3154
618,9412189,11.784,5696.0,4.349,1.028,0.862,1.117,5696,4.349,1.028,0.862,1.117
619,4356698,19.921,5492.0,4.3580000000000005,1.003,0.8370000000000001,1.167,5492,4.3580000000000005,1.003,0.8370000000000001,1.167
620,7886424,19.136,5323.0,3.6910000000000003,2.35,0.988,0.1072,5323,3.691,2.35,0.988,0.1072
621,9813473,9.07,5846.0,4.37,1.034,0.915,1.1640000000000001,5846,4.37,1.034,0.915,1.164
622,4727174,0.0,5908.0,4.313,1.196,1.071,0.8824,5908,4.313,1.196,1.071,0.8824
623,3762671,0.0,5516.0,4.373,0.976,0.8190000000000001,1.242,5516,4.373,0.976,0.8190000000000001,1.242
624,7660779,0.0,5704.0,4.26,1.114,0.823,0.8390000000000001,5704,4.26,1.114,0.823,0.8390000000000001
625,4842459,17.589000000000002,5578.0,4.3069999999999995,1.0759999999999998,0.856,0.9672,5578,4.307,1.0759999999999998,0.856,0.9672
626,12218985,14.126,5900.0,3.641,2.559,1.044,0.08772999999999999,5900,3.641,2.559,1.044,0.08772999999999999
627,6922277,18.622,6046.0,4.349,1.06,0.916,1.084,6046,4.349,1.06,0.9159999999999999,1.084
628,7381225,14.447000000000001,5380.0,4.176,1.3030000000000002,0.929,0.5918,5380,4.176,1.3030000000000002,0.929,0.5918
629,4636995,16.088,5712.0,3.793,2.122,1.02,0.1503,5712,3.793,2.122,1.02,0.1503
630,11913722,19.217,5899.0,4.287,1.099,0.853,0.9047,5899,4.287,1.099,0.853,0.9047
631,6437057,13.754000000000001,6032.0,4.397,1.147,1.203,1.122,6032,4.397,1.147,1.203,1.122
632,8702647,14.82,5947.0,4.195,1.286,0.947,0.6273,5947,4.195,1.286,0.9470000000000001,0.6273
633,9752863,42.185,5327.0,3.6710000000000003,2.329,0.928,0.1034,5327,3.671,2.329,0.9279999999999999,0.1034
634,8590546,0.0,6045.0,4.327,1.143,1.012,0.9541,6045,4.327,1.143,1.012,0.9541
635,5109309,17.704,5734.0,4.3389999999999995,1.0659999999999998,0.904,1.052,5734,4.339,1.0659999999999998,0.904,1.052
636,5641000,10.788,5811.0,4.115,1.483,1.045,0.4513,5811,4.115,1.483,1.045,0.4513
637,12152537,15.097000000000001,5843.0,4.338,1.089,0.943,1.0270000000000001,5843,4.338,1.089,0.943,1.027
638,4172574,17.96,5936.0,4.334,1.07,0.9,1.036,5936,4.334,1.07,0.9,1.036
639,5273519,13.974,5700.0,4.388,0.99,0.8740000000000001,1.2670000000000001,5700,4.388,0.99,0.8740000000000001,1.267
640,10145773,8.542,5705.0,4.265,1.234,1.021,0.7663,5705,4.265,1.234,1.021,0.7663
641,5480328,16.882,5655.0,3.8539999999999996,2.066,1.113,0.1776,5655,3.854,2.066,1.113,0.1776
642,5395681,13.880999999999998,5891.0,4.388,0.9490000000000001,0.802,1.3219999999999998,5891,4.388,0.949,0.802,1.3219999999999998
643,8057543,17.059,6052.0,4.368,1.0390000000000001,0.92,1.155,6052,4.368,1.039,0.92,1.155
644,3837275,13.741,5922.0,4.364,1.023,0.882,1.161,5922,4.364,1.023,0.882,1.161
645,8782055,14.925999999999998,6047.0,3.735,2.648,1.39,0.1054,6047,3.735,2.648,1.39,0.1054
646,7908531,12.977,5605.0,4.31,1.074,0.8590000000000001,0.9774,5605,4.31,1.074,0.8590000000000001,0.9774
647,9995771,15.017999999999999,5807.0,4.316,1.133,0.969,0.9383,5807,4.316,1.133,0.9690000000000001,0.9383
648,8972493,21.546999999999997,5808.0,4.388999999999999,1.058,0.999,1.189,5808,4.3889999999999985,1.058,0.9990000000000001,1.189
649,10035635,33.948,5903.0,4.298,1.0390000000000001,0.7809999999999999,0.981,5903,4.298,1.039,0.7809999999999999,0.981
650,8265199,0.0,5408.0,3.772,2.217,1.062,0.1372,5408,3.772,2.217,1.062,0.1372
651,3735634,9.39,5699.0,4.192,1.215,0.838,0.6577,5699,4.192,1.215,0.838,0.6577
652,5716330,11.597999999999999,5952.0,4.227,1.304,1.046,0.664,5952,4.227,1.304,1.046,0.664
653,7733614,10.414000000000001,5657.0,4.343999999999999,1.044,0.877,1.085,5657,4.3439999999999985,1.044,0.877,1.085
654,7429981,17.884,5933.0,4.374,1.034,0.924,1.177,5933,4.374,1.034,0.924,1.177
655,10449601,14.38,6050.0,4.355,1.12,1.035,1.038,6050,4.355,1.12,1.035,1.038
656,3527398,18.059,5346.0,3.988,1.665,0.984,0.3001,5346,3.988,1.665,0.9840000000000001,0.3001
657,5871653,11.023,5571.0,4.022,1.483,0.845,0.365,5571,4.022,1.483,0.845,0.365
658,5344592,0.0,5995.0,4.373,1.0070000000000001,0.873,1.205,5995,4.373,1.007,0.873,1.205
659,9532845,33.902,5346.0,4.0,1.564,0.893,0.3288,5346,4.0,1.564,0.893,0.3288
660,5374789,3.883,5941.0,4.357,1.113,1.026,1.048,5941,4.357,1.113,1.026,1.048
661,5171167,13.887,5861.0,4.263,1.189,0.947,0.7923,5861,4.263,1.189,0.9470000000000001,0.7923
662,8496484,22.877,5573.0,3.917,1.639,0.81,0.259,5573,3.917,1.639,0.81,0.259
663,5120654,16.672,5632.0,4.354,0.986,0.8,1.177,5632,4.354,0.986,0.8,1.177
664,3248860,13.757,6040.0,4.002,1.7830000000000001,1.166,0.2897,6040,4.002,1.783,1.166,0.2897
665,8867572,16.076,5854.0,4.375,1.034,0.926,1.179,5854,4.375,1.034,0.9259999999999999,1.179
666,7516073,16.185,5786.0,4.155,1.3880000000000001,1.003,0.528,5786,4.155,1.388,1.003,0.528
667,2974741,15.747,5845.0,4.39,1.052,0.991,1.198,5845,4.39,1.052,0.991,1.198
668,10796226,17.754,5473.0,4.334,1.072,0.904,1.034,5473,4.334,1.072,0.904,1.034
669,11507400,16.105,5551.0,3.793,2.22,1.118,0.1438,5551,3.793,2.22,1.1179999999999999,0.1438
670,11713414,9.105,5974.0,3.88,2.029,1.139,0.1919,5974,3.88,2.029,1.139,0.1919
671,5301565,14.545,5544.0,4.335,1.053,0.8740000000000001,1.055,5544,4.335,1.053,0.8740000000000001,1.055
672,10450522,17.817999999999998,5991.0,4.083,1.5,0.995,0.4151,5991,4.083,1.5,0.995,0.4151
673,4672403,30.406,5791.0,3.9819999999999998,1.814,1.152,0.2719,5791,3.982,1.814,1.1520000000000001,0.2719
674,6761777,14.273,5741.0,3.997,1.746,1.105,0.2922,5741,3.997,1.746,1.105,0.2922
675,12011069,39.189,5768.0,4.3580000000000005,1.067,0.946,1.097,5768,4.3580000000000005,1.067,0.946,1.097
676,10591797,10.272,5952.0,3.759,2.57,1.381,0.1146,5952,3.759,2.57,1.381,0.1146
677,11661685,18.005,5967.0,3.76,2.559,1.374,0.1155,5967,3.76,2.559,1.374,0.1155
678,7373483,9.873,5984.0,4.3839999999999995,1.044,0.965,1.193,5984,4.384,1.044,0.965,1.193
679,3854949,14.812000000000001,5767.0,4.3069999999999995,1.22,1.101,0.853,5767,4.307,1.22,1.101,0.853
680,7540808,23.909000000000002,5934.0,3.819,2.241,1.206,0.151,5934,3.819,2.241,1.206,0.151
681,5219915,15.481,5772.0,4.397,0.99,0.892,1.296,5772,4.397,0.99,0.892,1.296
682,4912589,11.225,5757.0,4.1339999999999995,1.345,0.898,0.5201,5757,4.134,1.345,0.898,0.5201
683,7034723,47.631,5768.0,4.398,0.98,0.877,1.311,5768,4.398,0.98,0.877,1.311
684,9513745,24.575,5350.0,4.388999999999999,0.973,0.847,1.294,5350,4.3889999999999985,0.973,0.847,1.294
685,1576662,12.362,5846.0,3.73,2.641,1.364,0.1043,5846,3.73,2.641,1.364,0.1043
686,11404451,15.264000000000001,5643.0,4.32,1.18,1.06,0.9093,5643,4.32,1.18,1.06,0.9093
687,11768317,16.9,5899.0,3.7680000000000002,2.33,1.159,0.1291,5899,3.768,2.33,1.159,0.1291
688,3744009,16.86,5767.0,4.082,1.4969999999999999,0.987,0.4145,5767,4.082,1.497,0.987,0.4145
689,10352941,15.152999999999999,5611.0,4.333,1.07,0.897,1.033,5611,4.333,1.07,0.897,1.033
690,5221138,18.76,5317.0,3.77,1.946,0.812,0.1553,5317,3.77,1.946,0.812,0.1553
691,6548359,5.471,5680.0,3.895,2.125,1.2919999999999998,0.1897,5680,3.895,2.125,1.2919999999999998,0.1897
692,9835525,0.0,5226.0,3.969,1.633,0.906,0.2928,5226,3.969,1.633,0.9059999999999999,0.2928
693,10854941,17.099,5884.0,4.235,1.272,1.015,0.6946,5884,4.235,1.272,1.015,0.6946
694,6669107,18.333,5984.0,3.9739999999999998,1.911,1.255,0.2532,5984,3.974,1.911,1.255,0.2532
695,6102826,18.026,5845.0,3.9410000000000003,1.818,1.053,0.2466,5845,3.941,1.818,1.053,0.2466
696,6671492,17.913,5896.0,3.819,2.3819999999999997,1.3630000000000002,0.142,5896,3.819,2.382,1.3630000000000002,0.142
697,8289822,21.928,5765.0,4.1610000000000005,1.3259999999999998,0.93,0.5616,5765,4.1610000000000005,1.3259999999999998,0.93,0.5616
698,6526427,16.72,5968.0,4.03,1.8730000000000002,1.369,0.2937,5968,4.03,1.873,1.369,0.2937
699,8315266,40.63,6031.0,4.085,1.43,0.907,0.4368,6031,4.085,1.43,0.907,0.4368
700,6950934,10.748,5458.0,4.375,1.028,0.914,1.186,5458,4.375,1.028,0.914,1.186
701,10935147,20.8,5322.0,3.787,2.004,0.8959999999999999,0.1569,5322,3.787,2.004,0.8959999999999999,0.1569
702,4447115,17.682000000000002,5721.0,4.227,1.178,0.8540000000000001,0.7349,5721,4.227,1.178,0.8540000000000001,0.7349
703,10515602,16.862000000000002,5375.0,4.382,0.981,0.847,1.263,5375,4.382,0.981,0.847,1.263
704,6837722,8.666,5865.0,3.8739999999999997,2.061,1.161,0.1869,5865,3.874,2.061,1.161,0.1869
705,11245226,15.615,6030.0,4.316,1.1520000000000001,1.0,0.922,6030,4.316,1.152,1.0,0.922
706,11553836,16.539,5248.0,3.677,2.405,1.004,0.1017,5248,3.677,2.405,1.004,0.1017
707,3101707,0.0,5286.0,4.363,1.021,0.878,1.161,5286,4.363,1.021,0.878,1.161
708,11968301,15.821,5798.0,3.866,2.089,1.17,0.1809,5798,3.866,2.089,1.17,0.1809
709,10031964,15.828,5778.0,4.282,1.13,0.892,0.8707,5778,4.282,1.13,0.892,0.8707
710,4833352,15.859000000000002,5902.0,4.399,1.0290000000000001,0.968,1.251,5902,4.399,1.029,0.968,1.251
711,11357555,20.051,6011.0,4.378,1.0170000000000001,0.9,1.205,6011,4.378,1.017,0.9,1.205
712,10604174,17.936,5877.0,3.9410000000000003,1.841,1.079,0.2436,5877,3.941,1.841,1.079,0.2436
713,9344234,41.043,5953.0,4.388,0.965,0.828,1.3,5953,4.388,0.965,0.828,1.3
714,6106748,0.0,5550.0,4.353,1.0759999999999998,0.952,1.0759999999999998,5550,4.353,1.0759999999999998,0.9520000000000001,1.0759999999999998
715,9631285,0.0,5872.0,4.3660000000000005,0.9990000000000001,0.845,1.194,5872,4.3660000000000005,0.999,0.845,1.194
716,3626433,6.3660000000000005,5899.0,4.127,1.3769999999999998,0.926,0.4993,5899,4.127,1.3769999999999998,0.9259999999999999,0.4993
717,5302560,16.565,5628.0,4.302,1.186,1.03,0.8689,5628,4.302,1.186,1.03,0.8689
718,9335664,11.169,6003.0,4.374,1.048,0.948,1.16,6003,4.374,1.048,0.948,1.16
719,9970807,13.674000000000001,5970.0,4.33,0.9890000000000001,0.762,1.112,5970,4.33,0.989,0.762,1.112
720,6289134,36.878,5500.0,4.397,0.94,0.804,1.364,5500,4.397,0.94,0.804,1.364
721,3424056,10.845,6008.0,4.373,1.062,0.972,1.143,6008,4.373,1.062,0.972,1.143
722,5636871,21.996,5528.0,4.3,1.0959999999999999,0.8740000000000001,0.9361,5528,4.3,1.096,0.8740000000000001,0.9361
723,6288960,18.051,5541.0,4.3919999999999995,0.975,0.856,1.3,5541,4.392,0.975,0.856,1.3
724,8844456,14.232000000000001,5979.0,4.249,1.34,1.164,0.6821,5979,4.249,1.34,1.1640000000000001,0.6821
725,9603445,41.852,5812.0,4.359,0.972,0.7859999999999999,1.205,5812,4.359,0.972,0.7859999999999999,1.205
726,11133464,15.075999999999999,5381.0,3.8560000000000003,1.7819999999999998,0.831,0.2067,5381,3.856,1.7819999999999998,0.831,0.2067
727,8676175,15.050999999999998,5645.0,4.204,1.21,0.8540000000000001,0.679,5645,4.204,1.21,0.8540000000000001,0.679
728,4282993,12.414000000000001,5975.0,4.09,1.599,1.146,0.3949,5975,4.09,1.599,1.146,0.3949
729,8585148,28.18,5522.0,4.2410000000000005,1.198,0.911,0.7472,5522,4.2410000000000005,1.198,0.9109999999999999,0.7472
730,6283563,14.634,5933.0,3.923,1.925,1.132,0.2234,5933,3.923,1.925,1.1320000000000001,0.2234
731,8294921,22.1,5349.0,3.891,1.7169999999999999,0.836,0.2327,5349,3.891,1.717,0.836,0.2327
732,10604315,13.068,6031.0,4.207,1.328,1.036,0.6234,6031,4.207,1.328,1.036,0.6234
733,8444720,13.902000000000001,5834.0,4.38,1.0490000000000002,0.964,1.175,5834,4.38,1.0490000000000002,0.9640000000000001,1.175
734,10646461,0.0,6025.0,4.261,1.175,0.919,0.7985,6025,4.261,1.175,0.919,0.7985
735,8688275,37.448,5338.0,4.383,0.9840000000000001,0.855,1.263,5338,4.383,0.984,0.855,1.263
736,8637151,11.462,5568.0,4.374,1.054,0.96,1.153,5568,4.374,1.054,0.96,1.153
737,3328134,19.086,5863.0,4.349,1.153,1.084,0.9952,5863,4.349,1.153,1.084,0.9952
738,7779029,17.985,5727.0,4.251,1.19,0.921,0.7698,5727,4.251,1.19,0.9209999999999999,0.7698
739,8265761,17.022000000000002,5839.0,4.287,1.166,0.96,0.8537,5839,4.287,1.166,0.96,0.8537
740,8075941,15.417,5426.0,3.842,1.882,0.898,0.1898,5426,3.842,1.882,0.898,0.1898
741,12600214,17.323,5876.0,4.025,1.646,1.046,0.3308,5876,4.025,1.646,1.046,0.3308
742,2307470,42.773999999999994,6035.0,4.194,1.197,0.8170000000000001,0.6715,6035,4.194,1.197,0.8170000000000001,0.6715
743,11401954,47.925,6046.0,4.3919999999999995,1.035,0.964,1.225,6046,4.392,1.035,0.9640000000000001,1.225
744,11247541,0.0,5724.0,4.352,0.973,0.7759999999999999,1.185,5724,4.352,0.973,0.7759999999999999,1.185
745,1873703,30.031999999999996,5906.0,3.824,2.235,1.214,0.1533,5906,3.824,2.235,1.214,0.1533
746,6199665,16.65,5881.0,4.217,1.264,0.96,0.67,5881,4.217,1.264,0.96,0.67
747,8453238,16.553,5956.0,3.886,1.838,0.946,0.2148,5956,3.886,1.838,0.946,0.2148
748,8843356,17.682000000000002,5642.0,3.9210000000000003,1.7519999999999998,0.932,0.2441,5642,3.921,1.7519999999999998,0.932,0.2441
749,11622645,13.18,5937.0,4.364,1.03,0.895,1.153,5937,4.364,1.03,0.895,1.153
750,7300738,14.65,5466.0,3.64,2.759,1.213,0.08136,5466,3.64,2.759,1.213,0.08136
751,9334736,45.82,5377.0,3.8489999999999998,2.189,1.235,0.1658,5377,3.849,2.189,1.235,0.1658
752,6184293,16.186,5696.0,4.323,1.02,0.799,1.06,5696,4.323,1.02,0.799,1.06
753,9243360,10.088,5569.0,3.739,2.45,1.198,0.1148,5569,3.739,2.45,1.198,0.1148
754,4751368,18.628,5794.0,3.8089999999999997,2.235,1.171,0.1478,5794,3.809,2.235,1.171,0.1478
755,8345807,15.109000000000002,5784.0,3.8710000000000004,2.012,1.098,0.1898,5784,3.871,2.012,1.0979999999999999,0.1898
756,6922309,0.0,5768.0,4.369,1.028,0.902,1.17,5768,4.369,1.028,0.902,1.17
757,8114465,13.432,5869.0,3.761,2.323,1.136,0.1275,5869,3.761,2.323,1.136,0.1275
758,4449814,14.935,5819.0,4.061,1.517,0.966,0.3903,5819,4.061,1.517,0.966,0.3903
759,9533353,13.074000000000002,5588.0,4.1930000000000005,1.31,0.977,0.6114,5588,4.1930000000000005,1.31,0.977,0.6114
760,7820558,10.031,5274.0,3.987,1.598,0.905,0.3124,5274,3.987,1.598,0.905,0.3124
761,11237282,16.498,5962.0,3.945,1.8130000000000002,1.058,0.2499,5962,3.945,1.813,1.058,0.2499
762,8007133,0.0,5407.0,3.708,2.065,0.7929999999999999,0.1268,5407,3.708,2.065,0.7929999999999999,0.1268
763,10684670,13.818,5556.0,4.375,1.069,0.988,1.138,5556,4.375,1.069,0.988,1.138
764,8249914,13.012,5989.0,4.103,1.526,1.0759999999999998,0.4265,5989,4.103,1.526,1.0759999999999998,0.4265
765,6763595,15.23,5992.0,4.391,0.972,0.847,1.3,5992,4.391,0.972,0.847,1.3
766,5876088,0.0,5539.0,4.05,1.636,1.094,0.3521,5539,4.05,1.636,1.094,0.3521
767,11760693,8.475,5739.0,3.977,1.6869999999999998,0.984,0.2889,5739,3.977,1.6869999999999998,0.9840000000000001,0.2889
768,6204684,11.517000000000001,5594.0,4.312,1.064,0.848,0.9912,5594,4.312,1.064,0.848,0.9912
769,8165629,0.0,5985.0,4.314,1.083,0.8809999999999999,0.9777,5985,4.314,1.083,0.8809999999999999,0.9777
770,10197310,14.997,5884.0,4.311,1.128,0.951,0.9333,5884,4.311,1.128,0.951,0.9333
771,2447932,21.205,5910.0,3.86,2.166,1.241,0.1719,5910,3.86,2.166,1.2409999999999999,0.1719
772,7840438,12.767999999999999,6028.0,4.05,1.505,0.927,0.3832,6028,4.05,1.505,0.927,0.3832
773,6929627,0.0,5971.0,4.365,1.081,0.989,1.103,5971,4.365,1.081,0.9890000000000001,1.103
774,5568259,14.292,5791.0,4.096,1.5030000000000001,1.027,0.4264,5791,4.096,1.503,1.0270000000000001,0.4264
775,9774303,17.726,5321.0,3.8960000000000004,1.757,0.887,0.2303,5321,3.896,1.757,0.887,0.2303
776,5380782,0.0,5790.0,4.36,0.956,0.763,1.2309999999999999,5790,4.36,0.956,0.763,1.231
777,12156742,8.096,5382.0,4.3260000000000005,1.07,0.884,1.016,5382,4.3260000000000005,1.07,0.884,1.016
778,8389565,0.0,5588.0,4.128,1.345,0.887,0.5134,5588,4.128,1.345,0.887,0.5134
779,10579356,15.008,5596.0,4.373,1.061,0.97,1.143,5596,4.373,1.061,0.97,1.143
780,2422417,20.379,5934.0,4.297,1.256,1.14,0.81,5934,4.297,1.256,1.14,0.81
781,8588642,0.0,5941.0,4.379,1.0959999999999999,1.048,1.121,5941,4.379,1.096,1.048,1.121
782,6606787,0.0,5365.0,3.947,1.631,0.8590000000000001,0.27899999999999997,5365,3.947,1.631,0.8590000000000001,0.279
783,4372541,5.935,5864.0,4.26,1.245,1.029,0.7513,5864,4.26,1.245,1.0290000000000001,0.7513
784,12367000,16.887999999999998,5741.0,4.305,1.141,0.958,0.9081,5741,4.305,1.141,0.958,0.9081
785,8591667,22.665,5492.0,3.7460000000000004,2.617,1.391,0.1093,5492,3.746,2.617,1.391,0.1093
786,9229632,13.540999999999999,6058.0,4.357,1.0859999999999999,0.978,1.0759999999999998,6058,4.357,1.086,0.978,1.0759999999999998
787,11018232,13.824000000000002,6010.0,4.2989999999999995,1.198,1.04,0.8525,6010,4.299,1.198,1.04,0.8525
788,8041971,18.394000000000002,5583.0,4.28,1.177,0.962,0.8312,5583,4.28,1.177,0.9620000000000001,0.8312
789,4348178,14.599,5387.0,4.353,1.057,0.919,1.095,5387,4.353,1.057,0.919,1.095
790,11351621,0.0,5362.0,3.889,1.716,0.833,0.2322,5362,3.889,1.716,0.833,0.2322
791,8397111,0.0,6058.0,4.0760000000000005,1.416,0.871,0.4318,6058,4.0760000000000005,1.416,0.871,0.4318
792,3831324,17.095,5930.0,4.1739999999999995,1.357,1.003,0.5657,5930,4.174,1.357,1.003,0.5657
793,11824498,13.995999999999999,6014.0,4.355,1.016,0.851,1.1440000000000001,6014,4.355,1.016,0.851,1.144
794,7703955,14.224,5792.0,4.375,1.005,0.875,1.214,5792,4.375,1.005,0.875,1.214
795,10619632,11.324000000000002,5921.0,4.309,1.046,0.812,1.001,5921,4.309,1.046,0.812,1.001
796,4947242,16.495,5629.0,4.0889999999999995,1.514,1.027,0.41700000000000004,5629,4.089,1.514,1.0270000000000001,0.417
797,10802826,14.469000000000001,5598.0,4.154,1.339,0.931,0.5466,5598,4.154,1.339,0.9309999999999999,0.5466
798,8526865,14.904000000000002,5955.0,4.132,1.297,0.833,0.5369,5955,4.132,1.297,0.833,0.5369
799,9327408,17.432000000000002,5925.0,4.178999999999999,1.239,0.845,0.6262,5925,4.1789999999999985,1.239,0.845,0.6262
800,2708499,27.711,5495.0,4.018,1.507,0.863,0.3555,5495,4.018,1.507,0.863,0.3555
801,4735931,18.399,5962.0,4.33,1.197,1.118,0.9187,5962,4.33,1.197,1.1179999999999999,0.9187
802,7421886,23.14,5884.0,4.368,1.002,0.856,1.198,5884,4.368,1.002,0.856,1.198
803,8315622,15.482999999999999,5922.0,4.354,1.002,0.8270000000000001,1.159,5922,4.354,1.002,0.8270000000000001,1.159
804,6423236,16.598,6025.0,4.377,1.093,1.039,1.119,6025,4.377,1.093,1.0390000000000001,1.119
805,8392053,30.268,5274.0,3.835,1.8259999999999998,0.831,0.1923,5274,3.835,1.826,0.831,0.1923
806,4281895,9.555,5537.0,3.8369999999999997,1.785,0.7979999999999999,0.1977,5537,3.837,1.785,0.7979999999999999,0.1977
807,5556379,15.63,5925.0,4.297,1.1840000000000002,1.014,0.8609,5925,4.297,1.1840000000000002,1.014,0.8609
808,9880161,16.195999999999998,5899.0,4.325,1.127,0.978,0.9633,5899,4.325,1.127,0.978,0.9633
809,8741476,0.0,5314.0,3.9810000000000003,1.598,0.8909999999999999,0.3078,5314,3.981,1.598,0.8909999999999999,0.3078
810,4243262,25.064,5465.0,4.023,1.507,0.8740000000000001,0.3598,5465,4.023,1.507,0.8740000000000001,0.3598
811,9641341,15.88,5761.0,4.063,1.565,1.033,0.3795,5761,4.063,1.565,1.033,0.3795
812,10710946,15.387,5497.0,4.117,1.403,0.942,0.4797,5497,4.117,1.403,0.9420000000000001,0.4797
813,5395400,9.857999999999999,6014.0,4.164,1.4469999999999998,1.114,0.5173,6014,4.164,1.4469999999999998,1.114,0.5173
814,9945233,28.689,5774.0,3.95,1.766,1.015,0.2596,5774,3.95,1.766,1.015,0.2596
815,5219664,15.297,5842.0,4.279,1.1440000000000001,0.908,0.8529,5842,4.279,1.144,0.9079999999999999,0.8529
816,9663141,18.595,5944.0,4.061,1.569,1.033,0.3769,5944,4.061,1.569,1.033,0.3769
817,9540730,17.483,5485.0,4.02,1.507,0.867,0.35700000000000004,5485,4.02,1.507,0.867,0.35700000000000004
818,12406744,19.233,5458.0,4.378,0.983,0.8420000000000001,1.248,5458,4.378,0.983,0.8420000000000001,1.248
819,7516518,44.821000000000005,5484.0,3.978,1.5619999999999998,0.847,0.3133,5484,3.978,1.5619999999999998,0.847,0.3133
820,4140933,13.132,5482.0,3.78,2.255,1.119,0.1375,5482,3.78,2.255,1.119,0.1375
821,4930802,16.073,5999.0,4.024,1.574,0.954,0.3447,5999,4.024,1.574,0.9540000000000001,0.3447
822,10583381,17.212,5645.0,4.399,1.037,0.984,1.2409999999999999,5645,4.399,1.037,0.9840000000000001,1.241
823,11289899,18.311,5472.0,3.7510000000000003,2.459,1.243,0.1178,5472,3.751,2.459,1.2429999999999999,0.1178
824,10800697,16.873,5408.0,4.396,0.955,0.828,1.339,5408,4.396,0.955,0.828,1.339
825,7341050,14.74,5548.0,4.038,1.614,1.038,0.3477,5548,4.038,1.614,1.038,0.3477
826,4764033,13.043,5734.0,3.6689999999999996,3.023,1.557,0.07937000000000001,5734,3.669,3.023,1.557,0.07937000000000001
827,9299809,24.445,5739.0,4.103,1.3319999999999999,0.821,0.4891,5739,4.103,1.332,0.821,0.4891
828,4158803,6.9110000000000005,5959.0,4.2010000000000005,1.2329999999999999,0.882,0.6626,5959,4.2010000000000005,1.233,0.882,0.6626
829,7297647,13.5,5701.0,4.298,1.12,0.908,0.9104,5701,4.298,1.12,0.9079999999999999,0.9104
830,10862833,17.437,6028.0,3.9930000000000003,1.639,0.963,0.3083,6028,3.993,1.639,0.963,0.3083
831,8848543,16.018,5721.0,4.311,1.075,0.863,0.9786,5721,4.311,1.075,0.863,0.9786
832,3338421,7.74,6022.0,3.7310000000000003,2.582,1.311,0.1073,6022,3.731,2.582,1.311,0.1073
833,8524904,15.606,5808.0,3.966,1.732,1.014,0.2746,5808,3.966,1.732,1.014,0.2746
834,5513893,16.688,5996.0,3.87,2.128,1.226,0.1791,5996,3.87,2.128,1.226,0.1791
835,5640183,0.0,5906.0,4.369,1.094,1.021,1.099,5906,4.369,1.094,1.021,1.099
836,7940809,0.0,6007.0,4.379,1.051,0.965,1.172,6007,4.379,1.051,0.965,1.172
837,5130380,9.982000000000001,5907.0,4.296,1.126,0.915,0.9016,5907,4.296,1.126,0.915,0.9016
838,12024120,11.097000000000001,6007.0,4.232,1.334,1.107,0.6573,6007,4.232,1.334,1.107,0.6573
839,10810121,17.544,5707.0,4.202,1.4280000000000002,1.185,0.5731,5707,4.202,1.4280000000000002,1.185,0.5731
840,6629042,8.862,5995.0,3.7769999999999997,2.383,1.239,0.129,5995,3.777,2.383,1.239,0.129
841,11617968,0.0,6017.0,4.387,1.036,0.954,1.21,6017,4.387,1.036,0.9540000000000001,1.21
842,8618712,20.134,5910.0,4.03,1.7269999999999999,1.164,0.3186,5910,4.03,1.727,1.1640000000000001,0.3186
843,5300039,0.0,5524.0,4.234,1.25,0.977,0.7051,5524,4.234,1.25,0.977,0.7051
844,5698325,13.953,5902.0,3.818,2.3209999999999997,1.291,0.1455,5902,3.818,2.321,1.291,0.1455
845,4459394,9.541,5861.0,4.303999999999999,1.1340000000000001,0.943,0.9119,5861,4.3039999999999985,1.134,0.943,0.9119
846,6104792,16.692,5798.0,4.303999999999999,1.047,0.804,0.9878,5798,4.3039999999999985,1.047,0.804,0.9878
847,8112608,14.956,6054.0,4.037,1.685,1.129,0.3323,6054,4.037,1.685,1.129,0.3323
848,7663039,16.187,6017.0,3.9810000000000003,1.7690000000000001,1.094,0.2783,6017,3.981,1.769,1.094,0.2783
849,9719713,13.854000000000001,5699.0,3.679,2.91,1.474,0.08426,5699,3.679,2.91,1.474,0.08426
850,7732139,15.48,6043.0,3.931,1.85,1.0659999999999998,0.2371,6043,3.931,1.85,1.0659999999999998,0.2371
851,7627739,13.562000000000001,6025.0,4.334,1.038,0.847,1.068,6025,4.334,1.038,0.847,1.068
852,6750902,11.981,5888.0,4.394,1.008,0.918,1.262,5888,4.394,1.008,0.9179999999999999,1.262
853,9141578,13.777999999999999,5880.0,3.99,1.6780000000000002,1.003,0.2989,5880,3.99,1.6780000000000002,1.003,0.2989
854,7336013,0.0,5655.0,4.1960000000000015,1.272,0.926,0.6344,5655,4.1960000000000015,1.272,0.9259999999999999,0.6344
855,7281979,16.194000000000003,5874.0,3.872,1.9909999999999999,1.0759999999999998,0.1921,5874,3.872,1.991,1.0759999999999998,0.1921
856,8282874,14.575,5968.0,4.308,1.0659999999999998,0.8420000000000001,0.9775,5968,4.308,1.0659999999999998,0.8420000000000001,0.9775
857,9574179,17.653,5696.0,4.295,1.145,0.942,0.8834,5696,4.295,1.145,0.9420000000000001,0.8834
858,5344211,14.763,5575.0,4.253,1.16,0.879,0.7942,5575,4.253,1.16,0.879,0.7942
859,3965733,16.21,5964.0,4.301,1.222,1.091,0.8416,5964,4.301,1.222,1.091,0.8416
860,8611897,15.707,5329.0,3.9530000000000003,1.6440000000000001,0.8859999999999999,0.2808,5329,3.953,1.644,0.8859999999999999,0.2808
861,10938141,13.392999999999999,5927.0,4.393,1.06,1.013,1.197,5927,4.393,1.06,1.013,1.197
862,8943248,41.02,5322.0,4.05,1.5030000000000001,0.923,0.3834,5322,4.05,1.503,0.9229999999999999,0.3834
863,8154444,24.09,5484.0,4.368,1.002,0.855,1.196,5484,4.368,1.002,0.855,1.196
864,6976550,15.615,5831.0,3.75,2.525,1.307,0.1144,5831,3.75,2.525,1.307,0.1144
865,2557302,14.968,5957.0,4.335,1.099,0.953,1.012,5957,4.335,1.099,0.953,1.012
866,3641849,17.157,5786.0,4.3389999999999995,0.9840000000000001,0.7709999999999999,1.139,5786,4.339,0.984,0.7709999999999999,1.139
867,4069222,18.317,5741.0,4.394,1.026,0.953,1.242,5741,4.394,1.026,0.953,1.242
868,5734046,20.04,5530.0,4.263,1.179,0.927,0.7976,5530,4.263,1.179,0.927,0.7976
869,7440048,13.892000000000001,6004.0,4.35,1.043,0.888,1.102,6004,4.35,1.043,0.888,1.102
870,11134820,13.937999999999999,5610.0,4.336,1.048,0.868,1.063,5610,4.336,1.048,0.868,1.063
871,8461005,0.0,5254.0,3.638,2.56,1.037,0.08712,5254,3.638,2.56,1.037,0.08712
872,10091083,10.819,5372.0,3.783,2.385,1.257,0.1306,5372,3.783,2.385,1.2570000000000001,0.1306
873,10977652,16.028,5338.0,3.736,2.488,1.229,0.1124,5338,3.736,2.488,1.229,0.1124
874,2693925,16.032,5846.0,4.35,1.079,0.951,1.067,5846,4.35,1.079,0.951,1.067
875,9094773,10.287,6040.0,4.246,1.2570000000000001,1.014,0.7191,6040,4.246,1.257,1.014,0.7191
876,8086432,18.143,5722.0,3.917,1.9480000000000002,1.143,0.2177,5722,3.917,1.948,1.143,0.2177
877,10166297,9.62,5798.0,4.289,1.159,0.952,0.8623,5798,4.289,1.159,0.9520000000000001,0.8623
878,9508956,13.807,5895.0,4.285,1.124,0.888,0.8812,5895,4.285,1.124,0.888,0.8812
879,4648919,13.409,5876.0,4.237,1.2570000000000001,0.995,0.7061,5876,4.237,1.257,0.995,0.7061
880,11770476,9.422,6006.0,3.85,2.193,1.242,0.1659,6006,3.85,2.193,1.242,0.1659
881,10716350,15.207,5334.0,4.013999999999999,1.6280000000000001,0.999,0.3261,5334,4.0139999999999985,1.628,0.9990000000000001,0.3261
882,8248342,19.153,5941.0,4.355,1.025,0.867,1.1340000000000001,5941,4.355,1.025,0.867,1.134
883,11080134,16.939,5930.0,3.8310000000000004,2.02,1.007,0.1721,5930,3.831,2.02,1.0070000000000001,0.1721
884,3234139,54.159,5984.0,4.263999999999999,1.206,0.975,0.782,5984,4.2639999999999985,1.206,0.975,0.782
885,10802368,11.769,5355.0,4.022,1.5330000000000001,0.903,0.3527,5355,4.022,1.533,0.903,0.3527
886,7585737,12.978,6018.0,4.231,1.2429999999999999,0.958,0.703,6018,4.231,1.243,0.958,0.703
887,5534208,46.817,5425.0,3.9219999999999997,1.995,1.212,0.2151,5425,3.922,1.995,1.212,0.2151
888,3847907,0.8740000000000001,5646.0,4.37,1.08,0.996,1.114,5646,4.37,1.08,0.996,1.114
889,11495219,14.503,5921.0,4.364,1.09,1.002,1.09,5921,4.364,1.09,1.002,1.09
890,7255850,0.0,5765.0,4.356,1.05,0.915,1.112,5765,4.356,1.05,0.915,1.112
891,8695149,14.793,5884.0,4.238,1.295,1.058,0.6865,5884,4.238,1.295,1.058,0.6865
892,4640996,22.974,5830.0,4.1,1.505,1.04,0.4299,5830,4.1,1.505,1.04,0.4299
893,5164549,15.458,5631.0,4.187,1.2590000000000001,0.889,0.6285,5631,4.187,1.259,0.889,0.6285
894,5903003,46.78,5676.0,4.38,1.006,0.8859999999999999,1.227,5676,4.38,1.006,0.8859999999999999,1.227
895,11657526,44.945,5296.0,4.056,1.499,0.932,0.3897,5296,4.056,1.499,0.932,0.3897
896,4830074,13.718,5633.0,4.312,1.091,0.89,0.9667,5633,4.312,1.091,0.89,0.9667
897,9973591,14.33,5704.0,4.03,1.456,0.828,0.3781,5704,4.03,1.456,0.828,0.3781
898,10054132,15.919,5519.0,3.7510000000000003,2.496,1.28,0.11599999999999999,5519,3.751,2.496,1.28,0.116
899,6877490,11.558,5750.0,4.3839999999999995,1.044,0.961,1.19,5750,4.384,1.044,0.961,1.19
900,8782968,20.898000000000003,5725.0,3.6630000000000003,2.903,1.414,0.08141,5725,3.663,2.903,1.4140000000000001,0.08141
901,10653094,11.815999999999999,5865.0,4.018,1.5930000000000002,0.964,0.3359,5865,4.018,1.5930000000000002,0.9640000000000001,0.3359
902,12519373,9.431000000000001,5416.0,3.748,2.293,1.0759999999999998,0.1256,5416,3.748,2.293,1.0759999999999998,0.1256
903,7460461,11.46,5714.0,4.109,1.479,1.026,0.4464,5714,4.109,1.479,1.026,0.4464
904,5360750,15.692,5778.0,4.29,1.171,0.974,0.855,5778,4.29,1.171,0.9740000000000001,0.855
905,11286311,13.255,5443.0,4.36,1.008,0.848,1.165,5443,4.36,1.008,0.848,1.165
906,12058612,18.115,5237.0,3.7760000000000002,1.9580000000000002,0.835,0.1567,5237,3.776,1.958,0.835,0.1567
907,10387636,18.537,5906.0,4.369,1.094,1.021,1.099,5906,4.369,1.094,1.021,1.099
908,5397629,23.178,5934.0,4.306,1.056,0.823,0.9834,5934,4.306,1.056,0.823,0.9834
909,3733529,16.749000000000002,5753.0,4.148,1.421,1.034,0.5075,5753,4.148,1.421,1.034,0.5075
910,9821777,12.32,5948.0,4.329,1.088,0.919,1.006,5948,4.329,1.088,0.919,1.006
911,7839949,15.089,5835.0,4.034,1.555,0.954,0.3577,5835,4.034,1.555,0.9540000000000001,0.3577
912,7014675,16.039,5945.0,4.364,1.0190000000000001,0.8759999999999999,1.166,5945,4.364,1.019,0.8759999999999999,1.166
913,4992155,18.154,5556.0,4.25,1.2109999999999999,0.953,0.7547,5556,4.25,1.211,0.953,0.7547
914,3633559,14.684000000000001,5729.0,4.1530000000000005,1.298,0.8740000000000001,0.5626,5729,4.1530000000000005,1.298,0.8740000000000001,0.5626
915,10121794,16.454,6053.0,3.9619999999999997,2.0140000000000002,1.355,0.2337,6053,3.962,2.014,1.355,0.2337
916,4991538,0.0,5755.0,4.395,1.005,0.915,1.2690000000000001,5755,4.395,1.005,0.915,1.269
917,9049300,0.0,5490.0,3.9930000000000003,1.733,1.078,0.2918,5490,3.993,1.733,1.078,0.2918
918,7969605,13.7,5310.0,3.7289999999999996,2.5789999999999997,1.2990000000000002,0.1067,5310,3.729,2.579,1.2990000000000002,0.1067
919,2847186,18.314,5658.0,4.033,1.5819999999999999,0.985,0.3504,5658,4.033,1.582,0.985,0.3504
920,6956214,15.637,5600.0,4.354,1.0859999999999999,0.971,1.067,5600,4.354,1.086,0.971,1.067
921,9176145,14.31,5365.0,4.02,1.5330000000000001,0.899,0.3513,5365,4.02,1.533,0.899,0.3513
922,8714686,16.686,5504.0,3.989,1.665,0.985,0.3006,5504,3.989,1.665,0.985,0.3006
923,2304010,21.529,5614.0,4.096,1.505,1.032,0.4261,5614,4.096,1.505,1.032,0.4261
924,3109550,28.05,5513.0,4.178999999999999,1.286,0.911,0.6027,5513,4.1789999999999985,1.286,0.9109999999999999,0.6027
925,7664357,15.47,6018.0,3.795,2.255,1.156,0.1421,6018,3.795,2.255,1.156,0.1421
926,9096204,16.701,5930.0,4.348,1.1179999999999999,1.016,1.024,5930,4.348,1.118,1.016,1.024
927,6773781,17.683,5749.0,4.261,1.102,0.809,0.8505,5749,4.261,1.102,0.809,0.8505
928,8751420,25.517,5297.0,3.697,2.568,1.197,0.09952000000000001,5297,3.697,2.568,1.197,0.09952
929,11497891,22.039,5274.0,3.987,1.598,0.905,0.3124,5274,3.987,1.598,0.905,0.3124
930,9481654,16.029,5654.0,3.9960000000000004,1.6780000000000002,1.018,0.3034,5654,3.996,1.6780000000000002,1.018,0.3034
931,7966959,17.153,6026.0,3.6489999999999996,2.947,1.414,0.0778,6026,3.649,2.947,1.4140000000000001,0.0778
932,10604297,11.543,5989.0,4.007,1.565,0.908,0.3334,5989,4.007,1.565,0.9079999999999999,0.3334
933,4672156,18.496,5538.0,4.343999999999999,1.031,0.858,1.101,5538,4.3439999999999985,1.031,0.858,1.101
934,4138537,14.168,5492.0,4.3580000000000005,1.003,0.8370000000000001,1.167,5492,4.3580000000000005,1.003,0.8370000000000001,1.167
935,6309545,0.0,5503.0,3.9010000000000002,1.676,0.815,0.2438,5503,3.901,1.676,0.815,0.2438
936,9018948,10.823,5941.0,4.373,1.082,1.009,1.122,5941,4.373,1.082,1.0090000000000001,1.122
937,8265521,0.0,5691.0,4.022,1.556,0.93,0.3478,5691,4.022,1.556,0.93,0.3478
938,12071614,10.735999999999999,5893.0,3.677,2.8510000000000004,1.411,0.08578,5893,3.677,2.8510000000000004,1.411,0.08578
939,12208483,30.846,5372.0,4.093,1.472,0.979,0.4317,5372,4.093,1.472,0.9790000000000001,0.4317
940,10489119,12.925,5999.0,4.393,1.078,1.046,1.178,5999,4.393,1.078,1.046,1.178
941,4995401,26.119,5448.0,4.349,1.045,0.889,1.0979999999999999,5448,4.349,1.045,0.889,1.098
942,8396437,16.463,6057.0,4.083,1.486,0.975,0.4187,6057,4.083,1.486,0.975,0.4187
943,5171333,0.0,5560.0,4.388999999999999,0.9420000000000001,0.795,1.338,5560,4.3889999999999985,0.942,0.795,1.338
944,5294523,12.849,5772.0,4.024,1.6269999999999998,1.021,0.33399999999999996,5772,4.024,1.6269999999999998,1.021,0.334
945,9158526,0.0,6004.0,4.35,1.043,0.888,1.102,6004,4.35,1.043,0.888,1.102
946,7808946,19.793,5462.0,4.223,1.2429999999999999,0.941,0.6901,5462,4.223,1.243,0.941,0.6901
947,6226182,22.154,5982.0,3.924,1.6030000000000002,0.787,0.2688,5982,3.924,1.6030000000000002,0.787,0.2688
948,9569665,12.036,5251.0,3.903,1.7209999999999999,0.8640000000000001,0.2387,5251,3.903,1.721,0.8640000000000001,0.2387
949,8312064,15.927999999999999,5968.0,4.393,1.008,0.916,1.261,5968,4.393,1.008,0.9159999999999999,1.261
950,3349000,13.748,5584.0,3.786,2.303,1.182,0.1362,5584,3.786,2.303,1.182,0.1362
951,9716519,0.0,5385.0,3.65,2.524,1.038,0.09085,5385,3.65,2.524,1.038,0.09085
952,3751118,13.802999999999999,5881.0,4.164,1.518,1.225,0.4936,5881,4.164,1.518,1.225,0.4936
953,9532588,0.0,5757.0,4.368,1.023,0.8909999999999999,1.173,5757,4.368,1.023,0.8909999999999999,1.173
954,11091553,15.27,5362.0,3.889,1.716,0.833,0.2322,5362,3.889,1.716,0.833,0.2322
955,8038496,14.123,5854.0,4.072,1.4409999999999998,0.894,0.4209,5854,4.072,1.4409999999999998,0.894,0.4209
956,7175565,45.952,5390.0,3.659,3.054,1.5519999999999998,0.07677,5390,3.659,3.054,1.5519999999999998,0.07677
957,5792004,45.823,5667.0,4.058,1.5590000000000002,1.012,0.3763,5667,4.058,1.5590000000000002,1.012,0.3763
958,7286531,14.659,6002.0,4.087,1.472,0.965,0.4258,6002,4.087,1.472,0.965,0.4258
959,8582317,0.0,5662.0,3.946,1.6580000000000001,0.884,0.2733,5662,3.946,1.658,0.884,0.2733
960,11414170,0.0,5952.0,4.3610000000000015,1.004,0.8440000000000001,1.173,5952,4.3610000000000015,1.004,0.8440000000000001,1.173
961,8187809,9.852,5979.0,4.272,1.166,0.926,0.8235,5979,4.272,1.166,0.9259999999999999,0.8235
962,8581078,22.185,6033.0,4.001,1.675,1.025,0.3074,6033,4.001,1.675,1.025,0.3074
963,8330302,0.0,5380.0,3.687,2.7739999999999996,1.364,0.09,5380,3.687,2.774,1.364,0.09
964,8461171,0.0,5374.0,4.309,1.097,0.894,0.9531,5374,4.309,1.097,0.894,0.9531
965,6620638,16.984,5945.0,3.951,1.901,1.178,0.2415,5945,3.951,1.901,1.178,0.2415
966,11922615,0.0,5570.0,4.336,1.031,0.841,1.082,5570,4.336,1.031,0.841,1.082
967,2710623,14.955,5750.0,4.337,1.1059999999999999,0.968,1.008,5750,4.337,1.106,0.968,1.008
968,9711999,16.955,5480.0,4.177,1.305,0.933,0.5912,5480,4.177,1.305,0.9329999999999999,0.5912
969,10203149,17.456,5313.0,4.39,0.976,0.8540000000000001,1.2930000000000001,5313,4.39,0.976,0.8540000000000001,1.293
970,9418692,5.141,5591.0,4.232,1.189,0.88,0.7373,5591,4.232,1.189,0.88,0.7373
971,6374216,0.0,6043.0,4.341,1.165,1.084,0.9657,6043,4.341,1.165,1.084,0.9657
972,1724629,8.907,5557.0,4.2989999999999995,1.15,0.958,0.8878,5557,4.299,1.15,0.958,0.8878
973,10188898,11.091,6033.0,4.2219999999999995,1.19,0.861,0.7185,6033,4.222,1.19,0.861,0.7185
974,3864632,19.178,6008.0,3.824,2.129,1.103,0.161,6008,3.824,2.129,1.103,0.161
975,8091343,15.637,6014.0,3.909,1.932,1.103,0.2156,6014,3.909,1.932,1.103,0.2156
976,8632073,17.092,6029.0,3.7489999999999997,2.641,1.4269999999999998,0.1091,6029,3.749,2.641,1.4269999999999998,0.1091
977,11029821,18.476,5705.0,4.293,1.089,0.85,0.9282,5705,4.293,1.089,0.85,0.9282
978,10032902,13.627,6035.0,3.6889999999999996,2.78,1.378,0.09035,6035,3.689,2.78,1.3780000000000001,0.09035
979,12018625,15.912,5931.0,3.8539999999999996,2.271,1.342,0.1615,5931,3.854,2.271,1.3419999999999999,0.1615
980,9150367,0.0,5934.0,4.342,1.179,1.114,0.9573,5934,4.342,1.179,1.114,0.9573
981,4579891,20.506999999999998,6039.0,4.3660000000000005,1.0979999999999999,1.022,1.087,6039,4.3660000000000005,1.098,1.022,1.087
982,7757390,0.0,6025.0,4.375,1.043,0.941,1.169,6025,4.375,1.043,0.941,1.169
983,9969599,12.158,5618.0,4.03,1.683,1.108,0.327,5618,4.03,1.683,1.1079999999999999,0.327
984,6757830,15.200999999999999,5210.0,3.68,2.7739999999999996,1.3430000000000002,0.08867,5210,3.68,2.774,1.3430000000000002,0.08867
985,10141207,14.370999999999999,5346.0,4.0,1.564,0.893,0.3288,5346,4.0,1.564,0.893,0.3288
986,6509912,17.647000000000002,6002.0,4.322,1.068,0.873,1.008,6002,4.322,1.068,0.873,1.008
987,9762744,11.728,5618.0,3.907,1.675,0.825,0.2471,5618,3.907,1.675,0.825,0.2471
988,8610823,20.728,5375.0,3.888,1.716,0.83,0.2313,5375,3.888,1.716,0.83,0.2313
989,5253065,13.094000000000001,5219.0,3.6830000000000003,2.331,0.954,0.1061,5219,3.683,2.331,0.9540000000000001,0.1061
990,4641191,0.0,5896.0,4.274,1.11,0.845,0.8694,5896,4.274,1.11,0.845,0.8694
991,10056387,5.737,6015.0,4.368,1.057,0.952,1.1340000000000001,6015,4.368,1.057,0.9520000000000001,1.134
992,7832189,12.350999999999999,5903.0,4.2410000000000005,1.2329999999999999,0.965,0.7258,5903,4.2410000000000005,1.233,0.965,0.7258
993,5513913,13.602,5941.0,4.292,1.139,0.926,0.8832,5941,4.292,1.139,0.9259999999999999,0.8832
994,6679186,18.644000000000002,5967.0,4.37,0.99,0.8370000000000001,1.216,5967,4.37,0.99,0.8370000000000001,1.216
995,9449320,0.0,5880.0,4.301,1.03,0.774,0.997,5880,4.301,1.03,0.774,0.997
