KIC,Period,teff,logg,radius,mass,dens
10280371,15.122,5864.0,4.0939999999999985,1.473,0.982,0.4331
11921886,4.438,5510.0,3.639,2.608,1.08,0.08575
11768170,13.486,5295.0,3.701,2.696,1.331,0.09567
7269974,1.378,5539.0,4.332,1.098,0.9420000000000001,1.004
2163808,7.389,5739.0,4.051,1.486,0.905,0.3886
9649349,15.284,6049.0,3.966,1.819,1.117,0.2614
10667099,13.897,6023.0,4.387,1.083,1.04,1.154
9019366,16.609,5887.0,4.332,1.069,0.898,1.034
2571471,0.0,5676.0,4.048,1.4240000000000002,0.825,0.4025
8026402,0.0,5272.0,3.804,1.885,0.8240000000000001,0.1732
5124667,8.806,5501.0,4.001,1.569,0.9009999999999999,0.3285
7592010,15.502,5375.0,4.391,0.981,0.862,1.287
10979139,5.828,6047.0,4.383,1.124,1.114,1.106
7936501,13.94,5993.0,3.751,2.653,1.4480000000000002,0.1092
4279996,46.917,5949.0,3.892,1.94,1.07,0.2066
8247379,9.721,6046.0,4.357,1.048,0.91,1.114
4989977,13.027,5644.0,3.992,1.511,0.818,0.3338
11624249,16.641,5311.0,3.864,1.769,0.8340000000000001,0.2122
1295504,19.728,5528.0,3.645,3.107,1.556,0.07302
5524851,6.911,5297.0,3.743,2.006,0.8109999999999999,0.1414
8715052,11.996,5850.0,3.649,2.881,1.35,0.07955
10909933,13.963,5749.0,3.788,2.355,1.242,0.1339
10516046,13.698,5605.0,4.3889999999999985,1.01,0.9109999999999999,1.244
2836990,40.998,5981.0,4.372,1.043,0.9329999999999999,1.16
11405559,30.122,5418.0,4.147,1.351,0.935,0.5339
9003401,16.574,6000.0,4.363,1.126,1.068,1.053
7272739,0.141,5323.0,3.765,2.382,1.206,0.1257
6962774,16.681,5305.0,3.665,2.181,0.8009999999999999,0.1088
10596718,16.8,5799.0,4.301,1.105,0.892,0.9295
9245527,22.395,5891.0,3.641,3.01,1.4480000000000002,0.0748
2848856,21.736,6053.0,4.128,1.467,1.055,0.4702
6962798,13.201,6002.0,4.394,1.036,0.972,1.231
11128070,12.949,5959.0,4.338,1.001,0.7959999999999999,1.117
9913790,19.26,5765.0,4.291,1.171,0.977,0.8573
9847647,16.921,6020.0,3.939,1.732,0.95,0.2577
11135880,13.684,5721.0,3.806,2.211,1.141,0.1488
4736208,21.2,5979.0,4.386,1.054,0.986,1.187
8197041,0.0,5413.0,3.681,2.707,1.284,0.09111
6384035,2.087,5818.0,4.046,1.504,0.9179999999999999,0.3801
3831762,13.114,5487.0,3.827,2.305,1.3019999999999998,0.1496
9139753,16.642,5546.0,3.865,1.732,0.8029999999999999,0.2175
8964174,18.068,5623.0,4.319,1.041,0.823,1.027
11770245,16.706,5213.0,3.942,1.6869999999999998,0.9079999999999999,0.2666
8284817,13.624,6035.0,4.1560000000000015,1.281,0.858,0.5752
10351715,5.794,5747.0,4.3439999999999985,1.036,0.865,1.096
6719235,16.2,5654.0,3.824,2.296,1.2830000000000001,0.1492
11444868,15.239,5636.0,3.893,2.005,1.146,0.2002
8300063,18.278,5696.0,3.841,2.116,1.131,0.1683
9492028,11.552,5492.0,4.3580000000000005,1.003,0.8370000000000001,1.167
9158153,13.99,5578.0,4.003,1.507,0.835,0.3438
7820702,19.48,5462.0,4.295,1.162,0.972,0.8723
9419047,14.332,5827.0,4.23,1.215,0.915,0.7189
6609683,14.123,5947.0,4.392,1.013,0.9229999999999999,1.25
11547205,0.0,5979.0,4.341,0.974,0.758,1.157
5124445,12.802,5914.0,4.287,1.079,0.8220000000000001,0.9226
8332200,47.924,5623.0,4.2330000000000005,1.19,0.884,0.7386
2987321,0.0,6028.0,4.316,1.165,1.024,0.9124
7364979,14.281,5949.0,4.33,1.027,0.8220000000000001,1.07
12458691,10.163,5446.0,4.388,0.961,0.825,1.3090000000000002
3858988,13.56,5753.0,4.335,1.078,0.9179999999999999,1.03
4757794,18.177,6043.0,4.356,1.149,1.092,1.014
8191871,21.081,5772.0,3.872,2.128,1.228,0.1796
10319352,16.417,5626.0,4.101,1.521,1.065,0.4266
3839620,13.326,5991.0,4.289,1.135,0.914,0.8803
9720115,0.0,5835.0,4.298,1.103,0.882,0.9254
4274412,16.869,5714.0,4.371,1.007,0.8690000000000001,1.2
11616117,13.595,5528.0,4.39,1.039,0.966,1.211
5811881,12.133,5798.0,4.2810000000000015,1.065,0.79,0.9206
9593493,16.164,6057.0,4.098,1.521,1.058,0.4237
12122131,9.162,5930.0,4.309,1.069,0.8490000000000001,0.9781
3533000,17.869,5873.0,3.741,1.932,0.7490000000000001,0.1463
8196963,0.0,5846.0,3.957,1.7380000000000002,0.998,0.2678
6836316,9.0,6040.0,3.988,1.722,1.053,0.2903
5383822,10.531,5877.0,3.794,2.468,1.382,0.1294
9548956,14.9,5591.0,4.166,1.278,0.8740000000000001,0.59
11515669,13.766,5985.0,4.074,1.558,1.05,0.391
3326666,15.536,5576.0,4.347,1.027,0.857,1.113
5254856,15.956,5481.0,4.365,0.993,0.8340000000000001,1.2
5598173,15.315,5268.0,4.0139999999999985,1.564,0.919,0.3388
8163528,20.863,5869.0,3.977,1.838,1.168,0.2649
7008840,21.042,6042.0,4.371,1.075,0.991,1.124
4058090,12.05,5714.0,3.732,2.7,1.4340000000000002,0.1026
10583451,15.099,5960.0,4.038,1.652,1.0859999999999999,0.3391
7960251,18.1,5223.0,3.777,1.945,0.826,0.1581
10257218,17.764,5348.0,3.667,2.822,1.348,0.0845
10578006,11.336,5929.0,3.691,2.838,1.44,0.08878
11547589,12.946,5496.0,3.929,1.63,0.823,0.2675
8386120,0.0,5712.0,4.02,1.608,0.987,0.3347
3729363,0.0,5568.0,4.164,1.308,0.91,0.5732
4572351,14.74,5873.0,4.37,1.011,0.873,1.1909999999999998
7988940,11.082,6026.0,4.346,1.081,0.9470000000000001,1.056
4841110,18.009,5945.0,4.392,1.06,1.01,1.196
2570881,12.208,6053.0,4.258,1.133,0.8490000000000001,0.8216
5613023,21.292,5741.0,4.368,0.999,0.8490000000000001,1.2009999999999998
5568417,11.421,5878.0,4.348,1.088,0.963,1.053
6140912,0.0,5662.0,4.085,1.375,0.84,0.4553
5127513,12.821,5587.0,3.688,2.568,1.171,0.09742
10090102,15.216,5653.0,4.049,1.776,1.286,0.3235
10224361,44.386,5727.0,4.008,1.729,1.11,0.3022
4846450,10.929,5787.0,4.351,1.0659999999999998,0.93,1.082
4575244,0.0,5845.0,4.374,1.108,1.06,1.097
7529341,0.0,6043.0,4.26,1.095,0.795,0.8523
8045945,12.403,5641.0,4.373,0.999,0.8590000000000001,1.215
11036936,17.297,5452.0,4.3260000000000005,1.061,0.8690000000000001,1.024
6526932,15.237,5446.0,4.388,0.961,0.825,1.3090000000000002
2011641,16.255,5468.0,4.121,1.461,1.0290000000000001,0.4643
5616846,13.381,5947.0,3.937,2.148,1.456,0.2069
10601604,13.644,6022.0,4.36,1.085,0.9840000000000001,1.084
11389437,13.044,6029.0,4.0539999999999985,1.633,1.102,0.3564
6676655,17.319,5357.0,4.357,1.036,0.89,1.127
8647149,10.518,5817.0,4.091,1.357,0.8290000000000001,0.467
6863530,20.167,5494.0,3.977,1.5619999999999998,0.843,0.3118
5033682,48.106,5738.0,3.946,1.864,1.119,0.2433
8886017,10.197,5702.0,4.371,1.008,0.872,1.198
4242173,14.45,5922.0,4.17,1.334,0.96,0.5703
8038666,13.804,5860.0,4.3439999999999985,1.077,0.9329999999999999,1.053
8442985,13.836,5721.0,4.37,1.035,0.915,1.164
11673674,4.746,6013.0,4.381,1.033,0.938,1.197
10935400,0.0,6045.0,4.395,1.122,1.145,1.141
11753179,15.807,5887.0,4.35,1.062,0.9209999999999999,1.083
9285949,0.0,5866.0,4.379,1.036,0.938,1.188
5899165,11.48,6014.0,4.393,1.063,1.0190000000000001,1.195
8938628,10.127,5815.0,4.349,0.969,0.764,1.183
10878105,16.912,5223.0,3.84,1.83,0.8440000000000001,0.1941
8655757,14.345,5783.0,4.317,1.167,1.031,0.9129
6923711,0.0,5412.0,3.775,2.044,0.9079999999999999,0.1497
9994789,17.346,5497.0,3.842,2.143,1.166,0.1669
8895012,16.129,5456.0,4.234,1.21,0.9159999999999999,0.7275
4447821,16.177,5720.0,4.263,1.133,0.857,0.8313
8029079,13.126,5650.0,4.3580000000000005,1.022,0.868,1.147
8077755,13.561,5650.0,4.391,0.926,0.77,1.365
3330643,14.791,5733.0,3.914,1.951,1.139,0.2159
5715686,9.899,6033.0,3.881,2.173,1.308,0.1795
6222407,15.602,5978.0,4.371,1.022,0.8959999999999999,1.182
9909504,15.054,5779.0,4.299,1.2,1.046,0.8521
7362355,18.954,5819.0,4.29,1.11,0.8759999999999999,0.9029
12504849,17.342,5695.0,4.256,1.2,0.945,0.7708
11188163,16.724,5847.0,4.2780000000000005,1.205,1.003,0.8083
11075222,18.649,5522.0,4.378,0.987,0.8490000000000001,1.244
8456181,19.49,5217.0,3.842,2.008,1.021,0.1777
6099668,0.0,5210.0,4.395,0.979,0.866,1.3019999999999998
4640942,11.928,6004.0,3.942,1.842,1.082,0.244
9050271,20.011,6000.0,4.349,1.036,0.873,1.107
11655945,21.713,5821.0,4.363,1.05,0.9279999999999999,1.13
6941078,15.098,5802.0,4.213,1.26,0.9470000000000001,0.667
4916165,15.33,5708.0,4.024,1.682,1.09,0.3227
12157369,24.078,5606.0,4.394,0.994,0.892,1.28
6267535,16.447,5460.0,4.1389999999999985,1.346,0.9109999999999999,0.5259
9944591,14.148,5746.0,4.254,1.161,0.882,0.7951
5025688,25.11,6046.0,4.362,1.218,1.247,0.9722
4246448,22.583,5666.0,4.224,1.2990000000000002,1.031,0.6618
4820062,23.596,5699.0,4.104,1.492,1.031,0.4370000000000001
12208631,15.753,5481.0,4.3610000000000015,1.014,0.86,1.164
9784166,12.315,6010.0,4.194,1.455,1.2109999999999999,0.5538
6605745,14.797,5907.0,4.242,1.258,1.0070000000000001,0.7129
5940590,15.368,5772.0,4.3439999999999985,0.991,0.79,1.143
10801738,14.321,6057.0,4.133,1.4780000000000002,1.082,0.4719
9398020,48.026,5313.0,3.709,2.782,1.444,0.09451
9815334,17.724,5256.0,3.678,2.8310000000000004,1.391,0.08639
7185607,14.577,5754.0,4.337,1.115,0.985,1.001
12509088,13.627,6038.0,3.842,2.153,1.175,0.1659
9051723,57.992,5395.0,4.362,1.011,0.858,1.169
10656508,10.017,5819.0,4.2410000000000005,1.248,0.9890000000000001,0.7163
5697072,13.853,5556.0,4.398,0.929,0.789,1.383
4443452,15.324,5637.0,4.374,1.072,0.993,1.134
9458127,35.379,5927.0,4.173,1.423,1.099,0.5375
6497336,11.695,6021.0,4.216,1.3630000000000002,1.114,0.6199
3869891,13.476,5674.0,4.098,1.432,0.938,0.4496
7986726,0.0,6038.0,4.322,1.109,0.9420000000000001,0.9731
7918653,12.515,5607.0,3.857,1.742,0.795,0.2117
9285636,16.914,5654.0,4.129,1.389,0.948,0.4976
5444548,14.779,5799.0,4.3610000000000015,1.078,0.972,1.094
10594040,5.581,6046.0,4.334,1.101,0.953,1.007
11456170,16.205,5397.0,3.648,2.604,1.0979999999999999,0.08757000000000001
3965661,13.634,5716.0,4.356,1.05,0.912,1.109
6188437,15.123,5738.0,4.243,1.159,0.858,0.7757
3736105,13.923,6042.0,3.873,1.989,1.077,0.1929
11962791,47.984,5369.0,4.383,0.982,0.848,1.263
10514649,23.831,5651.0,4.388,0.972,0.8440000000000001,1.293
3112234,20.182,5597.0,4.084,1.556,1.07,0.4004
9041133,21.774,5989.0,3.851,2.079,1.121,0.1755
4168903,42.698,5231.0,3.756,2.323,1.123,0.1261
5355471,16.768,6007.0,4.106,1.374,0.879,0.4768
4773496,0.0,6038.0,4.2780000000000005,1.104,0.8440000000000001,0.8825
8293403,22.697,5778.0,4.382,1.024,0.922,1.21
7417322,17.58,5441.0,4.35,1.084,0.958,1.0590000000000002
7199917,15.643,5551.0,3.876,1.985,1.08,0.1946
8509361,17.564,5743.0,3.881,1.971,1.077,0.1982
12106092,14.132,5989.0,3.872,1.931,1.012,0.1979
6776594,18.646,5964.0,3.934,1.801,1.016,0.2451
6967105,10.999,5201.0,3.73,2.616,1.339,0.1054
6145937,19.709,5388.0,3.751,2.401,1.185,0.1207
6431741,17.76,5290.0,3.738,2.067,0.852,0.1359
9724635,15.771,5696.0,4.369,0.973,0.8079999999999999,1.236
2012005,42.798,5692.0,3.938,1.78,1.002,0.2502
7269718,0.0,6045.0,4.395,1.122,1.145,1.141
12108333,82.767,5991.0,4.212,1.25,0.9279999999999999,0.6699
10989278,10.347,5786.0,4.391,1.047,0.983,1.205
8621911,12.867,6028.0,4.39,1.106,1.095,1.138
6212024,17.108,5989.0,4.359,1.117,1.0390000000000001,1.0490000000000002
11400548,0.0,5858.0,4.303,1.102,0.89,0.9362
8757293,17.834,5814.0,4.332,1.073,0.902,1.029
9593390,10.661,5613.0,3.632,2.195,0.753,0.1003
10074149,9.159,5292.0,3.929,1.673,0.867,0.2607
6966513,0.0,5790.0,4.397,1.026,0.9570000000000001,1.25
5481695,15.01,5908.0,4.273,1.109,0.8420000000000001,0.8685
11602191,17.706,5942.0,4.342,1.065,0.91,1.061
9823415,27.759,5477.0,3.959,1.662,0.9179999999999999,0.2817
10585775,18.88,5257.0,3.683,2.7,1.2830000000000001,0.09181
7094022,13.593,5971.0,4.336,1.083,0.927,1.029
10063527,10.986,5802.0,4.383,1.019,0.915,1.217
8260135,26.136,5597.0,3.84,2.22,1.242,0.1599
7509667,0.0,5712.0,4.072,1.508,0.98,0.4023
11649990,1.992,5985.0,4.324,1.026,0.81,1.055
3642402,13.641,5895.0,4.283,1.149,0.9259999999999999,0.8587
10716302,0.0,5480.0,4.22,1.229,0.914,0.6939
3645789,17.362,5823.0,3.819,2.363,1.3430000000000002,0.1433
6891299,0.0,6046.0,4.347,1.138,1.048,1.001
5009384,0.0,5620.0,3.957,1.84,1.117,0.2527
1866778,10.76,5962.0,3.651,3.1060000000000003,1.574,0.07402
8297569,38.201,6043.0,4.399,1.023,0.9570000000000001,1.258
10924142,40.626,5814.0,4.165,1.239,0.818,0.6055
11254382,14.204,5626.0,4.271,1.185,0.956,0.8091
8580438,7.674,5516.0,4.364,0.988,0.825,1.203
3453579,0.0,5579.0,4.308,1.067,0.843,0.978
5637994,16.102,5982.0,4.123,1.364,0.9009999999999999,0.5
9533062,0.0,5968.0,4.3260000000000005,1.055,0.861,1.032
8332260,0.0,5956.0,4.3889999999999985,1.12,1.121,1.124
9897795,0.0,6018.0,4.089,1.62,1.1740000000000002,0.3891
5449264,14.086,5891.0,4.38,1.065,0.992,1.158
5282313,14.673,5575.0,4.364,1.017,0.871,1.168
6422390,15.444,5960.0,4.1,1.459,0.978,0.4435
5822286,5.597,5529.0,4.385,0.989,0.865,1.262
3943262,15.24,5911.0,4.334,1.073,0.907,1.034
6344224,17.497,5919.0,4.323,1.103,0.932,0.9795
9692557,14.932,5827.0,3.74,2.286,1.047,0.1233
10855313,36.932,5204.0,3.776,2.317,1.17,0.1324
7339348,2.11,5827.0,4.247,1.126,0.816,0.8047
10779917,0.0,5209.0,4.322,1.082,0.8959999999999999,0.9966
4731961,12.052,6022.0,4.349,1.064,0.9229999999999999,1.079
5340535,20.972,5952.0,3.694,2.838,1.452,0.08947000000000001
8473971,28.08,5763.0,4.381,0.929,0.757,1.33
7008719,17.773,5870.0,4.376,1.104,1.055,1.105
8054838,14.583,5383.0,4.055,1.482,0.91,0.3939
8189674,18.753,5583.0,3.633,3.049,1.4569999999999999,0.07241
11807529,16.186,5926.0,4.3660000000000005,1.147,1.114,1.04
12011535,25.094,5427.0,3.656,3.05,1.5390000000000001,0.0764
11672461,13.706,5766.0,4.363,1.068,0.96,1.109
7523145,9.131,5955.0,3.989,1.741,1.078,0.2875
5450893,10.388,6046.0,4.158,1.396,1.024,0.5302
4248221,13.902,5452.0,3.679,2.633,1.206,0.09307
9715739,48.002,5952.0,4.282,1.108,0.857,0.8873
6128841,20.3,5892.0,4.142,1.37,0.95,0.5205
9409185,9.495,5650.0,4.098,1.361,0.846,0.4727
6627158,16.723,5566.0,4.3660000000000005,0.993,0.8340000000000001,1.202
5343741,12.164,5741.0,4.348,1.098,0.9790000000000001,1.043
9945576,29.932,5892.0,4.382,1.038,0.9470000000000001,1.193
4916520,16.058,5952.0,4.135,1.3530000000000002,0.91,0.5179
6755706,23.261,5931.0,3.957,1.717,0.9740000000000001,0.2709
1868676,31.403,5770.0,4.072,1.548,1.032,0.3915
11519516,16.465,5959.0,4.089,1.602,1.149,0.3936
9242465,15.741,5857.0,3.764,2.497,1.3219999999999998,0.1195
4047918,0.0,5919.0,4.346,0.966,0.754,1.179
2285621,20.163,5582.0,4.3260000000000005,1.118,0.965,0.9727
8813698,12.279,5803.0,4.227,1.249,0.961,0.6939
9964492,11.982,5861.0,4.398,1.12,1.146,1.149
8581574,45.164,5613.0,3.846,2.246,1.29,0.1604
8126029,11.622,5854.0,4.05,1.475,0.889,0.3908
10615440,9.521,6018.0,4.327,1.212,1.1420000000000001,0.9024
5003566,21.613,5808.0,4.384,1.036,0.9470000000000001,1.2009999999999998
3837456,18.09,5746.0,3.842,1.999,1.015,0.1788
6392768,12.161,5899.0,4.127,1.348,0.888,0.5101
10355387,20.819,5548.0,4.339,1.022,0.833,1.099
6211942,12.687,5515.0,4.3889999999999985,0.95,0.807,1.3259999999999998
7037723,12.622,5962.0,4.034,1.71,1.153,0.3249
7848790,9.324,5908.0,3.983,1.682,0.991,0.2934
8330754,0.0,5582.0,4.348,1.074,0.9359999999999999,1.0659999999999998
11013409,0.0,5758.0,4.066,1.633,1.1320000000000001,0.3663
9333180,0.0,5861.0,4.306,1.075,0.8540000000000001,0.967
9118981,1.495,6040.0,3.947,1.791,1.037,0.2542
8289534,11.97,5929.0,4.308,1.214,1.093,0.8609
9366989,12.919,5833.0,4.333,1.192,1.115,0.9275
2720309,0.413,5614.0,3.746,2.564,1.3359999999999999,0.1117
5729890,13.303,5930.0,4.397,1.052,1.0070000000000001,1.218
9706565,14.743,5931.0,4.301,1.214,1.075,0.8461
8413815,15.823,5795.0,3.869,2.172,1.271,0.1747
8344820,0.0,5997.0,4.307,1.065,0.838,0.9771
6504503,15.046,5516.0,4.1389999999999985,1.335,0.895,0.5297
5772558,21.69,5539.0,4.399,0.964,0.85,1.339
11410948,19.976,5988.0,4.109,1.419,0.945,0.4661
6212235,16.249,5947.0,4.078,1.6030000000000002,1.122,0.384
7378181,11.114,6056.0,4.397,1.079,1.054,1.181
7699242,17.075,5497.0,4.372,1.001,0.86,1.208
3853942,13.386,5272.0,3.717,2.066,0.8109999999999999,0.1296
8295304,34.297,5509.0,4.334,1.038,0.848,1.069
5040480,8.322,5310.0,3.955,1.632,0.877,0.2842
5438471,13.805,5684.0,4.243,1.2009999999999998,0.9209999999999999,0.7484
5610665,16.513,6050.0,4.3260000000000005,1.128,0.9840000000000001,0.9648
8039785,12.135,5776.0,4.337,1.017,0.818,1.096
5476497,20.303,6050.0,3.694,2.693,1.308,0.09431
4345548,14.804,5552.0,4.115,1.372,0.895,0.4883
9300457,21.156,5873.0,3.847,2.07,1.1,0.1746
9897010,9.008,5446.0,3.796,2.3040000000000003,1.208,0.1391
4663251,15.427,5746.0,3.927,1.957,1.18,0.2217
2997755,0.0,5929.0,4.345,1.098,0.9740000000000001,1.037
2854141,21.092,6042.0,4.271,1.243,1.05,0.7706
7515994,17.047,5755.0,4.388,1.016,0.922,1.236
8128665,0.0,6042.0,4.275,1.22,1.023,0.7929
7820866,15.449,6025.0,4.39,1.041,0.972,1.212
4048526,15.41,6007.0,3.665,2.5810000000000004,1.123,0.09194
8711555,10.576,6053.0,4.1160000000000005,1.3769999999999998,0.903,0.487
2582973,21.333,5685.0,4.214,1.27,0.963,0.6629999999999999
11725348,14.225,5636.0,4.386,0.956,0.8109999999999999,1.3090000000000002
7840145,6.314,5778.0,4.087,1.452,0.94,0.4326
8656361,5.284,6033.0,3.741,2.649,1.411,0.1069
10753401,15.001,5841.0,4.135,1.335,0.888,0.5256
8885419,19.154,5782.0,4.025,1.666,1.073,0.3269
8558997,41.358,5984.0,4.311,1.1,0.902,0.956
9397038,19.741,5753.0,4.194,1.29,0.948,0.6218
7341020,6.862,5786.0,3.79,2.465,1.3659999999999999,0.1284
11340197,0.0,5356.0,3.999,1.564,0.89,0.3275
1571088,17.663,5966.0,3.809,2.322,1.2670000000000001,0.1426
7139200,0.0,5432.0,4.283,1.166,0.951,0.8449
11015239,12.922,5998.0,4.324,1.139,0.998,0.9523
8983703,0.0,5539.0,3.89,1.84,0.958,0.2167
2831252,17.34,5371.0,3.806,2.194,1.125,0.1499
8903821,16.993,5933.0,3.975,1.769,1.08,0.2746
7764984,14.236,5919.0,3.715,2.419,1.107,0.1102
7664422,40.837,5316.0,3.926,1.672,0.86,0.2589
9452683,0.0,5236.0,3.872,1.773,0.8540000000000001,0.2158
4567165,10.099,5899.0,4.394,1.005,0.914,1.268
5020319,9.047,6020.0,4.3889999999999985,1.085,1.0490000000000002,1.157
3743231,15.745,5661.0,3.777,2.335,1.19,0.1316
9693187,49.209,5638.0,4.109,1.347,0.852,0.4907
7284881,18.767,5948.0,3.71,2.81,1.479,0.09386
8277130,19.022,5532.0,3.745,2.355,1.125,0.1212
5684249,0.0,5802.0,4.381,0.927,0.753,1.332
12218727,8.127,5774.0,3.87,1.87,0.945,0.2036
10556590,14.499,5880.0,4.274,1.193,0.976,0.8097
10556590,14.499,5880.0,4.274,1.193,0.976,0.8097
9096192,13.797,5511.0,4.396,0.966,0.848,1.325
5696708,13.033,6047.0,4.109,1.482,1.031,0.4459
7548035,4.928,5988.0,4.397,1.07,1.043,1.199
5215494,0.0,5245.0,3.965,1.634,0.899,0.2903
3975754,14.178,5838.0,4.385,0.992,0.87,1.257
8581545,5.704,5978.0,3.95,1.936,1.219,0.2366
3743537,0.0,5299.0,3.957,1.633,0.8809999999999999,0.2852
5788648,9.44,6004.0,4.367,1.06,0.955,1.13
8198347,0.0,5551.0,3.961,1.842,1.131,0.2547
5120447,18.404,5812.0,4.191,1.256,0.894,0.6354
6463806,7.222,6026.0,4.246,1.258,1.018,0.7197
7420967,24.096,5791.0,4.397,0.953,0.8270000000000001,1.345
11297580,40.589,5629.0,3.744,2.206,0.985,0.1293
6183129,13.114,5823.0,4.285,1.22,1.044,0.8107
7287978,45.823,5758.0,4.346,1.079,0.9420000000000001,1.055
5696699,16.591,5520.0,4.0310000000000015,1.483,0.862,0.3726
5868059,12.709,5623.0,4.173,1.402,1.0659999999999998,0.5447
2141736,17.57,5676.0,4.306,1.058,0.826,0.9833
6446053,12.093,5747.0,4.049,1.411,0.812,0.4074
7373387,14.456,5981.0,4.287,1.195,1.008,0.8314
8363660,13.536,5857.0,4.379,1.072,1.001,1.146
11177676,15.784,5375.0,4.3889999999999985,0.97,0.841,1.297
10517557,21.25,5772.0,4.0280000000000005,1.6840000000000002,1.103,0.3255
9706901,13.231,5651.0,4.377,1.032,0.925,1.187
11090687,7.764,5865.0,4.102,1.531,1.081,0.4246
11045409,15.025,5676.0,3.917,1.866,1.051,0.2277
7036763,12.098,5880.0,4.325,0.996,0.765,1.09
8459744,18.578,5952.0,4.181,1.406,1.091,0.5534
7115012,12.962,5303.0,4.372,1.011,0.879,1.197
10453588,17.189,5753.0,4.2,1.222,0.863,0.6666
7584294,14.758,6003.0,4.369,1.085,1.002,1.106
3103698,14.049,5687.0,4.046,1.4240000000000002,0.8220000000000001,0.4008
7447645,15.96,5979.0,4.25,1.273,1.051,0.7185
9595994,21.652,5641.0,4.204,1.317,1.01,0.6233
3557141,15.424,5941.0,4.314,1.069,0.8590000000000001,0.9901
10662300,16.345,5473.0,4.107,1.39,0.902,0.4731
4850488,8.851,5731.0,4.1530000000000005,1.388,0.9990000000000001,0.526
4265354,13.932,5659.0,4.258,1.241,1.0170000000000001,0.7502
9776327,10.787,5360.0,4.38,1.017,0.904,1.21
8574113,14.757,5784.0,4.399,0.919,0.7709999999999999,1.399
4751423,13.872,5675.0,4.351,1.064,0.9259999999999999,1.084
11805480,13.783,6013.0,4.348,1.093,0.972,1.05
8077380,8.968,5618.0,3.638,2.489,0.982,0.0897
6424073,17.148,5819.0,4.375,1.04,0.9359999999999999,1.17
3329136,14.621,5900.0,4.134,1.3969999999999998,0.971,0.5013
9668665,12.952,5712.0,3.865,2.073,1.147,0.1813
10795039,45.87,5907.0,4.019,1.56,0.929,0.3448
7693724,17.052,5675.0,4.077,1.463,0.9329999999999999,0.4194
5092731,14.334,5842.0,4.299,1.168,0.991,0.8757
8707570,0.0,5277.0,4.012,1.564,0.9159999999999999,0.337
6868860,21.881,5219.0,4.033,1.544,0.9390000000000001,0.3594
7416306,14.98,5425.0,3.704,2.655,1.304,0.09808
5697805,14.711,5915.0,4.284,1.11,0.866,0.8907
5686759,17.227,5207.0,3.749,2.007,0.825,0.1436
5462311,14.558,6045.0,4.176,1.364,1.0190000000000001,0.5651
7949677,14.091,5892.0,4.382,1.038,0.9470000000000001,1.193
5639617,13.221,5956.0,4.375,1.029,0.917,1.185
4446140,16.314,5885.0,3.924,1.807,1.0,0.2388
10074605,11.619,5700.0,4.383,1.016,0.909,1.22
7335509,30.747,5792.0,4.346,1.094,0.9690000000000001,1.042
8569698,12.754,5349.0,4.396,0.963,0.841,1.328
2858292,16.187,5927.0,4.171,1.379,1.028,0.5526
8526878,15.016,5811.0,4.11,1.476,1.022,0.4481
7255555,20.892,5942.0,4.375,1.092,1.0290000000000001,1.115
9570221,18.007,6047.0,4.356,1.103,1.0070000000000001,1.057
10718535,7.523,5923.0,4.215,1.288,0.992,0.6546
8804283,16.291,5478.0,4.36,1.064,0.946,1.107
6586208,12.928,5370.0,4.337,1.055,0.8809999999999999,1.056
10197841,21.021,5725.0,4.055,1.4980000000000002,0.93,0.3894
7729207,12.953,5504.0,4.357,1.002,0.8340000000000001,1.167
9418746,12.816,5539.0,4.2780000000000005,1.169,0.9440000000000001,0.8325
4770798,15.59,5553.0,4.33,1.098,0.941,1.001
11564870,5.404,5607.0,4.313,1.053,0.831,1.002
5783428,11.835,5583.0,4.381,0.995,0.868,1.242
8570436,13.357,5929.0,4.373,1.085,1.012,1.118
5431009,15.734,6014.0,4.164,1.4469999999999998,1.114,0.5173
1432789,14.896,5782.0,4.28,1.22,1.035,0.8029999999999999
10229329,27.62,5216.0,3.907,1.723,0.875,0.241
8703528,0.2,5491.0,3.702,2.83,1.47,0.0914
6382838,0.0,5610.0,3.987,1.662,0.978,0.3003
5430087,14.008,6020.0,4.301,1.256,1.1520000000000001,0.8191
8188972,44.129,5701.0,4.362,0.962,0.7759999999999999,1.23
12356966,17.916,5606.0,4.299,1.16,0.977,0.8819
10517413,17.595,6042.0,4.106,1.581,1.1640000000000001,0.415
8018709,14.379,5465.0,3.745,2.513,1.281,0.1137
5450253,15.437,5552.0,4.372,0.97,0.81,1.249
6142585,38.91,5360.0,3.688,2.847,1.44,0.08788
7050370,15.625,5979.0,4.354,1.102,1.0,1.052
8179635,14.732,5767.0,4.397,0.964,0.847,1.331
6105359,15.768,5533.0,4.244,1.255,1.0090000000000001,0.7181
9898857,14.258,5782.0,4.392,1.08,1.05,1.1740000000000002
10593587,16.177,5375.0,4.382,0.981,0.847,1.263
2010835,45.654,5959.0,4.167,1.3159999999999998,0.927,0.5732
4543666,0.0,5781.0,4.364,1.115,1.0490000000000002,1.0659999999999998
5385647,15.671,5349.0,4.044,1.505,0.914,0.3778
4172164,16.206,5442.0,3.858,2.166,1.2329999999999999,0.171
10556951,0.0,5678.0,4.395,0.997,0.902,1.2819999999999998
3230787,17.584,5883.0,4.04,1.554,0.966,0.3624
6314433,15.458,6050.0,3.9,1.903,1.0490000000000002,0.2144
11876347,14.399,5827.0,4.3210000000000015,1.099,0.922,0.9801
11285935,11.448,5955.0,4.356,1.051,0.915,1.111
757099,20.361,5519.0,3.822,2.109,1.077,0.1618
9245354,0.0,5636.0,4.14,1.364,0.937,0.5194
12105345,24.572,5564.0,4.364,0.982,0.813,1.209
8129232,0.0,5623.0,3.984,1.645,0.9520000000000001,0.301
9048239,14.196,5734.0,4.277,1.117,0.862,0.8708
10844288,14.213,5349.0,3.725,2.295,1.02,0.1188
6425088,11.39,5578.0,4.315,1.078,0.877,0.9855
2283989,11.956,5948.0,4.329,1.088,0.919,1.006
10586967,15.233,5565.0,4.385,0.984,0.856,1.268
5184018,15.564,5833.0,4.355,1.084,0.9690000000000001,1.073
10580913,17.241,5357.0,4.042,1.506,0.9109999999999999,0.3756
9107602,12.116,5583.0,4.136,1.3230000000000002,0.8740000000000001,0.5324
2998680,15.705,5866.0,4.379,1.036,0.938,1.188
6182700,12.29,5573.0,3.962,1.747,1.022,0.27
6185417,18.033,5883.0,4.149,1.529,1.205,0.4752
8574950,15.012,5510.0,4.301,1.142,0.9520000000000001,0.8994
4066688,16.39,5596.0,4.337,1.122,0.998,0.9954
11361601,14.868,5971.0,3.919,1.957,1.16,0.218
4633575,18.137,5888.0,3.721,2.519,1.218,0.1073
9963635,19.235,5912.0,4.2639999999999985,1.167,0.9109999999999999,0.8079
10385437,0.0,5899.0,4.367,1.052,0.941,1.137
8678337,7.826,5655.0,3.707,2.702,1.3559999999999999,0.09679
10924572,14.798,5427.0,4.334,1.058,0.8809999999999999,1.047
8737020,14.664,5245.0,3.707,2.496,1.156,0.1047
9533372,0.0,5968.0,3.887,1.944,1.062,0.2037
7013222,23.124,6036.0,4.322,1.154,1.018,0.9329
7362863,0.0,5328.0,3.924,1.672,0.856,0.2581
6307430,12.285,5903.0,4.35,1.002,0.82,1.148
7765135,2.554,5951.0,4.072,1.401,0.845,0.4328
5954304,14.048,5865.0,4.027,1.645,1.05,0.3322
5450769,20.798,5791.0,3.784,2.526,1.416,0.1238
4480749,16.651,5855.0,4.382,1.022,0.919,1.212
10554689,15.261,5727.0,4.396,0.998,0.905,1.281
8053926,24.702,5996.0,3.821,2.373,1.361,0.1435
7377160,0.0,5670.0,3.948,1.578,0.8059999999999999,0.2888
11460716,12.221,5244.0,3.724,2.705,1.413,0.1005
3437548,17.838,6013.0,3.797,2.506,1.4340000000000002,0.1284
9592239,13.796,6035.0,4.379,1.012,0.894,1.215
9183522,15.427,5754.0,4.082,1.452,0.927,0.4269
6766634,13.642,6018.0,4.257,1.286,1.09,0.7216
7598321,13.352,5700.0,4.165,1.265,0.853,0.5935
4991457,0.0,5670.0,4.391,0.973,0.85,1.301
6963092,14.893,5904.0,4.3660000000000005,1.142,1.105,1.046
8935480,12.75,5589.0,3.794,2.434,1.344,0.1314
4474532,13.814,5963.0,4.287,1.182,0.9890000000000001,0.8431
5780885,4.884,6036.0,3.968,1.909,1.236,0.2501
7283306,17.525,5231.0,3.669,2.679,1.2209999999999999,0.08943999999999999
8509611,0.0,5903.0,4.303,1.0490000000000002,0.807,0.9829
8949925,17.054,5846.0,4.293,1.178,0.9940000000000001,0.8567
12884118,13.961,5991.0,4.301,1.067,0.8290000000000001,0.9622
6343819,0.0,5691.0,4.159,1.321,0.919,0.5612
5943886,16.678,6006.0,3.717,2.61,1.295,0.1026
9152016,43.172,5575.0,4.372,0.967,0.804,1.253
6182131,7.98,5768.0,3.698,2.777,1.405,0.09242
7770569,17.217,5616.0,3.887,1.955,1.075,0.2027
4248541,14.37,5866.0,4.393,1.032,0.9620000000000001,1.231
7017281,12.072,5496.0,3.771,2.17,1.014,0.1398
5636733,16.946,5866.0,4.191,1.339,1.016,0.5962
9345393,13.958,5312.0,3.694,2.855,1.4680000000000002,0.08885
5731733,15.797,5714.0,3.664,2.904,1.42,0.08165
8377257,17.853,5726.0,4.332,1.024,0.8220000000000001,1.079
10580281,13.836,5745.0,4.364,0.995,0.8370000000000001,1.195
6509957,12.45,5966.0,4.243,1.3159999999999998,1.1059999999999999,0.6836
10583818,21.434,5615.0,4.122,1.335,0.861,0.5099
10399343,13.98,5689.0,4.372,0.949,0.773,1.275
10089269,0.0,5931.0,4.259,1.237,1.014,0.7536
11499859,16.157,6042.0,4.272,1.197,0.978,0.8029
5000509,16.682,5587.0,3.993,1.64,0.966,0.3086
7918172,17.967,5209.0,3.999,1.595,0.927,0.3217
3437785,17.486,5959.0,3.905,1.85,1.002,0.2231
10404873,14.245,5900.0,4.376,1.025,0.9129999999999999,1.192
11290555,15.922,6029.0,4.383,0.91,0.7290000000000001,1.361
11200049,16.084,5794.0,4.369,1.055,0.948,1.138
5271947,18.876,5806.0,4.353,1.101,0.996,1.052
9673173,13.8,6039.0,4.242,1.278,1.041,0.7019
9569401,0.0,6040.0,4.289,1.182,0.991,0.8458
5019736,14.408,5845.0,4.345,1.046,0.884,1.088
10160355,15.232,5846.0,3.73,2.641,1.364,0.1043
4750567,0.0,6049.0,4.34,1.088,0.946,1.034
11571404,16.503,6015.0,4.004,1.567,0.904,0.3305
4555166,15.184,5405.0,3.871,2.075,1.167,0.184
4571573,13.298,5981.0,4.327,1.122,0.976,0.9739
9137437,12.878,5956.0,4.375,1.029,0.917,1.185
7372866,0.0,5999.0,4.292,1.105,0.872,0.9117
7741084,15.055,5254.0,3.71,2.637,1.301,0.09995
8684730,18.705,5877.0,3.927,1.963,1.187,0.221
11602328,0.0,5297.0,4.338,1.06,0.8909999999999999,1.055
5269651,13.731,5788.0,3.759,1.978,0.8190000000000001,0.149
5096701,15.359,5985.0,3.687,2.806,1.3980000000000001,0.08912
4548654,19.177,5700.0,4.372,0.947,0.7709999999999999,1.277
5861010,16.229,5895.0,4.314,1.159,1.0090000000000001,0.9139
3448818,20.519,5993.0,4.016,1.61,0.98,0.3308
11140232,15.064,5311.0,3.864,1.769,0.8340000000000001,0.2122
5783441,19.986,5423.0,4.399,0.998,0.9109999999999999,1.291
10264583,14.579,5692.0,4.3889999999999985,1.015,0.9209999999999999,1.239
8048003,16.159,5735.0,4.062,1.392,0.816,0.4262
11074253,41.283,5472.0,4.337,1.04,0.856,1.073
6468089,11.357,5933.0,4.294,1.226,1.079,0.8240000000000001
5900081,12.229,6050.0,4.324,1.195,1.097,0.9055
4759796,13.339,5689.0,4.396,0.995,0.899,1.285
9291569,15.164,6035.0,4.2639999999999985,1.225,1.0070000000000001,0.7712
4908107,16.072,5847.0,3.67,2.87,1.406,0.08373
8914238,13.517,5966.0,3.824,2.385,1.381,0.1434
6791808,13.567,6057.0,4.398,1.01,0.932,1.273
12118443,13.111,5967.0,4.396,0.945,0.81,1.352
5905714,14.106,5655.0,4.394,1.071,1.035,1.187
5164924,12.016,5688.0,4.283,1.109,0.86,0.8888
6463499,12.038,5780.0,3.729,2.478,1.2009999999999998,0.1112
11857920,22.478,5508.0,4.3580000000000005,1.022,0.868,1.147
11443087,15.298,5937.0,4.064,1.503,0.955,0.3959
9508996,15.601,5941.0,4.307,1.263,1.182,0.8263
11751202,13.784,5219.0,4.033,1.544,0.9390000000000001,0.3594
9334867,15.475,6038.0,4.284,1.1909999999999998,0.995,0.8298
6867032,12.87,5559.0,3.968,1.617,0.8859999999999999,0.2951
10734703,16.179,5969.0,4.365,1.189,1.197,1.003
8129352,0.0,5553.0,3.826,1.96,0.9390000000000001,0.1756
8329496,0.0,5470.0,3.772,2.12,0.97,0.1433
5854038,18.229,5945.0,4.128,1.381,0.934,0.4996
7677340,11.288,6017.0,4.31,1.177,1.031,0.8898
4861991,7.609,5996.0,4.217,1.285,0.993,0.66
11244547,16.718,5635.0,4.295,1.173,0.9890000000000001,0.8629
7953766,17.375,5766.0,4.32,1.013,0.7809999999999999,1.0590000000000002
6964343,12.554,5782.0,4.282,1.141,0.9079999999999999,0.8622
10490960,2.841,5897.0,4.2780000000000005,1.196,0.99,0.8155
10354861,47.297,5552.0,4.372,0.97,0.81,1.249
9349757,15.734,5574.0,4.332,1.1,0.948,1.004
3642564,13.133,6007.0,4.105,1.403,0.915,0.4662
3342794,7.811,5845.0,4.2,1.314,0.998,0.6194
8885226,19.348,5825.0,4.29,1.187,1.001,0.8426
9279765,0.0,5307.0,3.912,1.8,0.9640000000000001,0.2327
9641657,46.147,5338.0,4.39,0.974,0.8490000000000001,1.293
7547448,13.167,5620.0,4.354,0.987,0.8029999999999999,1.175
12266454,0.0,5666.0,4.365,1.025,0.888,1.161
11038123,11.992,5282.0,3.93,1.673,0.871,0.2618
3626665,44.6,6008.0,3.899,1.88,1.021,0.2166
4043166,0.0,5795.0,4.231,1.175,0.858,0.7441
5353874,20.129,5763.0,4.188,1.362,1.043,0.5815
9278084,16.981,5702.0,4.334,1.051,0.871,1.055
6125921,15.341,5792.0,4.215,1.235,0.912,0.6823
5821550,10.759,5922.0,4.258,1.187,0.93,0.7835
2018619,18.325,5597.0,4.163,1.419,1.068,0.5261
5354631,22.038,5456.0,3.656,2.533,1.058,0.09178
8481416,11.982,5922.0,4.398,1.057,1.0190000000000001,1.216
6059988,17.597,5783.0,4.277,1.147,0.909,0.8482
3529147,14.359,5899.0,4.367,1.052,0.941,1.137
3324568,43.946,6026.0,4.271,1.173,0.935,0.8165
4456150,7.297,5878.0,4.309,1.157,0.996,0.9049
4768279,17.559,5940.0,3.876,2.105,1.213,0.1831
12506744,17.266,6003.0,4.346,1.085,0.9540000000000001,1.051
12252617,15.867,5872.0,3.894,2.024,1.171,0.199
11014767,28.197,5817.0,3.936,1.71,0.9209999999999999,0.2593
10684371,13.944,5821.0,3.958,1.556,0.8009999999999999,0.2997
8081256,16.965,5944.0,3.956,1.831,1.1059999999999999,0.2536
3113630,4.956,6022.0,3.731,2.582,1.311,0.1073
5005751,12.905,6003.0,4.2639999999999985,1.129,0.8540000000000001,0.8348
7761055,15.646,5884.0,4.103,1.683,1.3090000000000002,0.3865
4907266,16.307,5962.0,4.238,1.366,1.179,0.6506
9447625,0.0,6053.0,4.392,1.077,1.041,1.175
8261336,16.378,5792.0,4.388,0.967,0.8340000000000001,1.298
9142010,15.633,5733.0,4.342,1.069,0.9179999999999999,1.057
10122003,17.94,5649.0,4.293,1.118,0.8959999999999999,0.9025
9027846,15.968,6024.0,4.373,1.013,0.883,1.197
8639332,13.789,5710.0,3.919,1.946,1.147,0.2191
6110128,0.0,5775.0,4.396,1.039,0.98,1.231
8591424,0.0,5601.0,4.01,1.649,1.014,0.3187
11621155,15.045,6008.0,4.243,1.253,1.002,0.7181
6293199,0.0,5504.0,3.811,1.838,0.797,0.1809
6509581,14.79,5775.0,4.362,1.079,0.977,1.095
8182091,22.95,5712.0,4.388,0.988,0.87,1.271
9828294,50.096,5377.0,3.849,2.189,1.235,0.1658
11958479,10.124,5747.0,4.387,0.976,0.847,1.284
8214403,0.0,5228.0,3.696,2.608,1.232,0.09783
5344310,0.0,5588.0,4.328,1.089,0.92,1.003
10420475,40.707,6025.0,3.945,1.897,1.156,0.2386
10718221,12.576,5947.0,3.992,1.766,1.117,0.2858
5306664,14.123,5876.0,4.319,1.094,0.91,0.9777
5511081,10.113,5951.0,4.017,1.693,1.0859999999999999,0.3154
9412189,11.784,5696.0,4.349,1.028,0.862,1.117
4356698,19.921,5492.0,4.3580000000000005,1.003,0.8370000000000001,1.167
7886424,19.136,5323.0,3.691,2.35,0.988,0.1072
9813473,9.07,5846.0,4.37,1.034,0.915,1.164
4727174,0.0,5908.0,4.313,1.196,1.071,0.8824
3762671,0.0,5516.0,4.373,0.976,0.8190000000000001,1.242
7660779,0.0,5704.0,4.26,1.114,0.823,0.8390000000000001
4842459,17.589,5578.0,4.307,1.0759999999999998,0.856,0.9672
12218985,14.126,5900.0,3.641,2.559,1.044,0.08772999999999999
6922277,18.622,6046.0,4.349,1.06,0.9159999999999999,1.084
7381225,14.447,5380.0,4.176,1.3030000000000002,0.929,0.5918
4636995,16.088,5712.0,3.793,2.122,1.02,0.1503
11913722,19.217,5899.0,4.287,1.099,0.853,0.9047
6437057,13.754,6032.0,4.397,1.147,1.203,1.122
8702647,14.82,5947.0,4.195,1.286,0.9470000000000001,0.6273
9752863,42.185,5327.0,3.671,2.329,0.9279999999999999,0.1034
8590546,0.0,6045.0,4.327,1.143,1.012,0.9541
5109309,17.704,5734.0,4.339,1.0659999999999998,0.904,1.052
5641000,10.788,5811.0,4.115,1.483,1.045,0.4513
12152537,15.097,5843.0,4.338,1.089,0.943,1.027
4172574,17.96,5936.0,4.334,1.07,0.9,1.036
5273519,13.974,5700.0,4.388,0.99,0.8740000000000001,1.267
10145773,8.542,5705.0,4.265,1.234,1.021,0.7663
5480328,16.882,5655.0,3.854,2.066,1.113,0.1776
5395681,13.881,5891.0,4.388,0.949,0.802,1.3219999999999998
8057543,17.059,6052.0,4.368,1.039,0.92,1.155
3837275,13.741,5922.0,4.364,1.023,0.882,1.161
8782055,14.926,6047.0,3.735,2.648,1.39,0.1054
7908531,12.977,5605.0,4.31,1.074,0.8590000000000001,0.9774
9995771,15.018,5807.0,4.316,1.133,0.9690000000000001,0.9383
8972493,21.547,5808.0,4.3889999999999985,1.058,0.9990000000000001,1.189
10035635,33.948,5903.0,4.298,1.039,0.7809999999999999,0.981
8265199,0.0,5408.0,3.772,2.217,1.062,0.1372
3735634,9.39,5699.0,4.192,1.215,0.838,0.6577
5716330,11.598,5952.0,4.227,1.304,1.046,0.664
7733614,10.414,5657.0,4.3439999999999985,1.044,0.877,1.085
7429981,17.884,5933.0,4.374,1.034,0.924,1.177
10449601,14.38,6050.0,4.355,1.12,1.035,1.038
3527398,18.059,5346.0,3.988,1.665,0.9840000000000001,0.3001
5871653,11.023,5571.0,4.022,1.483,0.845,0.365
5344592,0.0,5995.0,4.373,1.007,0.873,1.205
9532845,33.902,5346.0,4.0,1.564,0.893,0.3288
5374789,3.883,5941.0,4.357,1.113,1.026,1.048
5171167,13.887,5861.0,4.263,1.189,0.9470000000000001,0.7923
8496484,22.877,5573.0,3.917,1.639,0.81,0.259
5120654,16.672,5632.0,4.354,0.986,0.8,1.177
3248860,13.757,6040.0,4.002,1.783,1.166,0.2897
8867572,16.076,5854.0,4.375,1.034,0.9259999999999999,1.179
7516073,16.185,5786.0,4.155,1.388,1.003,0.528
2974741,15.747,5845.0,4.39,1.052,0.991,1.198
10796226,17.754,5473.0,4.334,1.072,0.904,1.034
11507400,16.105,5551.0,3.793,2.22,1.1179999999999999,0.1438
11713414,9.105,5974.0,3.88,2.029,1.139,0.1919
5301565,14.545,5544.0,4.335,1.053,0.8740000000000001,1.055
10450522,17.818,5991.0,4.083,1.5,0.995,0.4151
4672403,30.406,5791.0,3.982,1.814,1.1520000000000001,0.2719
6761777,14.273,5741.0,3.997,1.746,1.105,0.2922
12011069,39.189,5768.0,4.3580000000000005,1.067,0.946,1.097
10591797,10.272,5952.0,3.759,2.57,1.381,0.1146
11661685,18.005,5967.0,3.76,2.559,1.374,0.1155
7373483,9.873,5984.0,4.384,1.044,0.965,1.193
3854949,14.812,5767.0,4.307,1.22,1.101,0.853
7540808,23.909,5934.0,3.819,2.241,1.206,0.151
5219915,15.481,5772.0,4.397,0.99,0.892,1.296
4912589,11.225,5757.0,4.134,1.345,0.898,0.5201
7034723,47.631,5768.0,4.398,0.98,0.877,1.311
9513745,24.575,5350.0,4.3889999999999985,0.973,0.847,1.294
1576662,12.362,5846.0,3.73,2.641,1.364,0.1043
11404451,15.264,5643.0,4.32,1.18,1.06,0.9093
11768317,16.9,5899.0,3.768,2.33,1.159,0.1291
3744009,16.86,5767.0,4.082,1.497,0.987,0.4145
10352941,15.153,5611.0,4.333,1.07,0.897,1.033
5221138,18.76,5317.0,3.77,1.946,0.812,0.1553
6548359,5.471,5680.0,3.895,2.125,1.2919999999999998,0.1897
9835525,0.0,5226.0,3.969,1.633,0.9059999999999999,0.2928
10854941,17.099,5884.0,4.235,1.272,1.015,0.6946
6669107,18.333,5984.0,3.974,1.911,1.255,0.2532
6102826,18.026,5845.0,3.941,1.818,1.053,0.2466
6671492,17.913,5896.0,3.819,2.382,1.3630000000000002,0.142
8289822,21.928,5765.0,4.1610000000000005,1.3259999999999998,0.93,0.5616
6526427,16.72,5968.0,4.03,1.873,1.369,0.2937
8315266,40.63,6031.0,4.085,1.43,0.907,0.4368
6950934,10.748,5458.0,4.375,1.028,0.914,1.186
10935147,20.8,5322.0,3.787,2.004,0.8959999999999999,0.1569
4447115,17.682,5721.0,4.227,1.178,0.8540000000000001,0.7349
10515602,16.862,5375.0,4.382,0.981,0.847,1.263
6837722,8.666,5865.0,3.874,2.061,1.161,0.1869
11245226,15.615,6030.0,4.316,1.152,1.0,0.922
11553836,16.539,5248.0,3.677,2.405,1.004,0.1017
3101707,0.0,5286.0,4.363,1.021,0.878,1.161
11968301,15.821,5798.0,3.866,2.089,1.17,0.1809
10031964,15.828,5778.0,4.282,1.13,0.892,0.8707
4833352,15.859,5902.0,4.399,1.029,0.968,1.251
11357555,20.051,6011.0,4.378,1.017,0.9,1.205
10604174,17.936,5877.0,3.941,1.841,1.079,0.2436
9344234,41.043,5953.0,4.388,0.965,0.828,1.3
6106748,0.0,5550.0,4.353,1.0759999999999998,0.9520000000000001,1.0759999999999998
9631285,0.0,5872.0,4.3660000000000005,0.999,0.845,1.194
3626433,6.366,5899.0,4.127,1.3769999999999998,0.9259999999999999,0.4993
5302560,16.565,5628.0,4.302,1.186,1.03,0.8689
9335664,11.169,6003.0,4.374,1.048,0.948,1.16
9970807,13.674,5970.0,4.33,0.989,0.762,1.112
6289134,36.878,5500.0,4.397,0.94,0.804,1.364
3424056,10.845,6008.0,4.373,1.062,0.972,1.143
5636871,21.996,5528.0,4.3,1.096,0.8740000000000001,0.9361
6288960,18.051,5541.0,4.392,0.975,0.856,1.3
8844456,14.232,5979.0,4.249,1.34,1.1640000000000001,0.6821
9603445,41.852,5812.0,4.359,0.972,0.7859999999999999,1.205
11133464,15.076,5381.0,3.856,1.7819999999999998,0.831,0.2067
8676175,15.051,5645.0,4.204,1.21,0.8540000000000001,0.679
4282993,12.414,5975.0,4.09,1.599,1.146,0.3949
8585148,28.18,5522.0,4.2410000000000005,1.198,0.9109999999999999,0.7472
6283563,14.634,5933.0,3.923,1.925,1.1320000000000001,0.2234
8294921,22.1,5349.0,3.891,1.717,0.836,0.2327
10604315,13.068,6031.0,4.207,1.328,1.036,0.6234
8444720,13.902,5834.0,4.38,1.0490000000000002,0.9640000000000001,1.175
10646461,0.0,6025.0,4.261,1.175,0.919,0.7985
8688275,37.448,5338.0,4.383,0.984,0.855,1.263
8637151,11.462,5568.0,4.374,1.054,0.96,1.153
3328134,19.086,5863.0,4.349,1.153,1.084,0.9952
7779029,17.985,5727.0,4.251,1.19,0.9209999999999999,0.7698
8265761,17.022,5839.0,4.287,1.166,0.96,0.8537
8075941,15.417,5426.0,3.842,1.882,0.898,0.1898
12600214,17.323,5876.0,4.025,1.646,1.046,0.3308
2307470,42.774,6035.0,4.194,1.197,0.8170000000000001,0.6715
11401954,47.925,6046.0,4.392,1.035,0.9640000000000001,1.225
11247541,0.0,5724.0,4.352,0.973,0.7759999999999999,1.185
1873703,30.032,5906.0,3.824,2.235,1.214,0.1533
6199665,16.65,5881.0,4.217,1.264,0.96,0.67
8453238,16.553,5956.0,3.886,1.838,0.946,0.2148
8843356,17.682,5642.0,3.921,1.7519999999999998,0.932,0.2441
11622645,13.18,5937.0,4.364,1.03,0.895,1.153
7300738,14.65,5466.0,3.64,2.759,1.213,0.08136
9334736,45.82,5377.0,3.849,2.189,1.235,0.1658
6184293,16.186,5696.0,4.323,1.02,0.799,1.06
9243360,10.088,5569.0,3.739,2.45,1.198,0.1148
4751368,18.628,5794.0,3.809,2.235,1.171,0.1478
8345807,15.109,5784.0,3.871,2.012,1.0979999999999999,0.1898
6922309,0.0,5768.0,4.369,1.028,0.902,1.17
8114465,13.432,5869.0,3.761,2.323,1.136,0.1275
4449814,14.935,5819.0,4.061,1.517,0.966,0.3903
9533353,13.074,5588.0,4.1930000000000005,1.31,0.977,0.6114
7820558,10.031,5274.0,3.987,1.598,0.905,0.3124
11237282,16.498,5962.0,3.945,1.813,1.058,0.2499
8007133,0.0,5407.0,3.708,2.065,0.7929999999999999,0.1268
10684670,13.818,5556.0,4.375,1.069,0.988,1.138
8249914,13.012,5989.0,4.103,1.526,1.0759999999999998,0.4265
6763595,15.23,5992.0,4.391,0.972,0.847,1.3
5876088,0.0,5539.0,4.05,1.636,1.094,0.3521
11760693,8.475,5739.0,3.977,1.6869999999999998,0.9840000000000001,0.2889
6204684,11.517,5594.0,4.312,1.064,0.848,0.9912
8165629,0.0,5985.0,4.314,1.083,0.8809999999999999,0.9777
10197310,14.997,5884.0,4.311,1.128,0.951,0.9333
2447932,21.205,5910.0,3.86,2.166,1.2409999999999999,0.1719
7840438,12.768,6028.0,4.05,1.505,0.927,0.3832
6929627,0.0,5971.0,4.365,1.081,0.9890000000000001,1.103
5568259,14.292,5791.0,4.096,1.503,1.0270000000000001,0.4264
9774303,17.726,5321.0,3.896,1.757,0.887,0.2303
5380782,0.0,5790.0,4.36,0.956,0.763,1.231
12156742,8.096,5382.0,4.3260000000000005,1.07,0.884,1.016
8389565,0.0,5588.0,4.128,1.345,0.887,0.5134
10579356,15.008,5596.0,4.373,1.061,0.97,1.143
2422417,20.379,5934.0,4.297,1.256,1.14,0.81
8588642,0.0,5941.0,4.379,1.096,1.048,1.121
6606787,0.0,5365.0,3.947,1.631,0.8590000000000001,0.279
4372541,5.935,5864.0,4.26,1.245,1.0290000000000001,0.7513
12367000,16.888,5741.0,4.305,1.141,0.958,0.9081
8591667,22.665,5492.0,3.746,2.617,1.391,0.1093
9229632,13.541,6058.0,4.357,1.086,0.978,1.0759999999999998
11018232,13.824,6010.0,4.299,1.198,1.04,0.8525
8041971,18.394,5583.0,4.28,1.177,0.9620000000000001,0.8312
4348178,14.599,5387.0,4.353,1.057,0.919,1.095
11351621,0.0,5362.0,3.889,1.716,0.833,0.2322
8397111,0.0,6058.0,4.0760000000000005,1.416,0.871,0.4318
3831324,17.095,5930.0,4.174,1.357,1.003,0.5657
11824498,13.996,6014.0,4.355,1.016,0.851,1.144
7703955,14.224,5792.0,4.375,1.005,0.875,1.214
10619632,11.324,5921.0,4.309,1.046,0.812,1.001
4947242,16.495,5629.0,4.089,1.514,1.0270000000000001,0.417
10802826,14.469,5598.0,4.154,1.339,0.9309999999999999,0.5466
8526865,14.904,5955.0,4.132,1.297,0.833,0.5369
9327408,17.432,5925.0,4.1789999999999985,1.239,0.845,0.6262
2708499,27.711,5495.0,4.018,1.507,0.863,0.3555
4735931,18.399,5962.0,4.33,1.197,1.1179999999999999,0.9187
7421886,23.14,5884.0,4.368,1.002,0.856,1.198
8315622,15.483,5922.0,4.354,1.002,0.8270000000000001,1.159
6423236,16.598,6025.0,4.377,1.093,1.0390000000000001,1.119
8392053,30.268,5274.0,3.835,1.826,0.831,0.1923
4281895,9.555,5537.0,3.837,1.785,0.7979999999999999,0.1977
5556379,15.63,5925.0,4.297,1.1840000000000002,1.014,0.8609
9880161,16.196,5899.0,4.325,1.127,0.978,0.9633
8741476,0.0,5314.0,3.981,1.598,0.8909999999999999,0.3078
4243262,25.064,5465.0,4.023,1.507,0.8740000000000001,0.3598
9641341,15.88,5761.0,4.063,1.565,1.033,0.3795
10710946,15.387,5497.0,4.117,1.403,0.9420000000000001,0.4797
5395400,9.858,6014.0,4.164,1.4469999999999998,1.114,0.5173
9945233,28.689,5774.0,3.95,1.766,1.015,0.2596
5219664,15.297,5842.0,4.279,1.144,0.9079999999999999,0.8529
9663141,18.595,5944.0,4.061,1.569,1.033,0.3769
9540730,17.483,5485.0,4.02,1.507,0.867,0.35700000000000004
12406744,19.233,5458.0,4.378,0.983,0.8420000000000001,1.248
7516518,44.821,5484.0,3.978,1.5619999999999998,0.847,0.3133
4140933,13.132,5482.0,3.78,2.255,1.119,0.1375
4930802,16.073,5999.0,4.024,1.574,0.9540000000000001,0.3447
10583381,17.212,5645.0,4.399,1.037,0.9840000000000001,1.241
11289899,18.311,5472.0,3.751,2.459,1.2429999999999999,0.1178
10800697,16.873,5408.0,4.396,0.955,0.828,1.339
7341050,14.74,5548.0,4.038,1.614,1.038,0.3477
4764033,13.043,5734.0,3.669,3.023,1.557,0.07937000000000001
9299809,24.445,5739.0,4.103,1.332,0.821,0.4891
4158803,6.911,5959.0,4.2010000000000005,1.233,0.882,0.6626
7297647,13.5,5701.0,4.298,1.12,0.9079999999999999,0.9104
10862833,17.437,6028.0,3.993,1.639,0.963,0.3083
8848543,16.018,5721.0,4.311,1.075,0.863,0.9786
3338421,7.74,6022.0,3.731,2.582,1.311,0.1073
8524904,15.606,5808.0,3.966,1.732,1.014,0.2746
5513893,16.688,5996.0,3.87,2.128,1.226,0.1791
5640183,0.0,5906.0,4.369,1.094,1.021,1.099
7940809,0.0,6007.0,4.379,1.051,0.965,1.172
5130380,9.982,5907.0,4.296,1.126,0.915,0.9016
12024120,11.097,6007.0,4.232,1.334,1.107,0.6573
10810121,17.544,5707.0,4.202,1.4280000000000002,1.185,0.5731
6629042,8.862,5995.0,3.777,2.383,1.239,0.129
11617968,0.0,6017.0,4.387,1.036,0.9540000000000001,1.21
8618712,20.134,5910.0,4.03,1.727,1.1640000000000001,0.3186
5300039,0.0,5524.0,4.234,1.25,0.977,0.7051
5698325,13.953,5902.0,3.818,2.321,1.291,0.1455
4459394,9.541,5861.0,4.3039999999999985,1.134,0.943,0.9119
6104792,16.692,5798.0,4.3039999999999985,1.047,0.804,0.9878
8112608,14.956,6054.0,4.037,1.685,1.129,0.3323
7663039,16.187,6017.0,3.981,1.769,1.094,0.2783
9719713,13.854,5699.0,3.679,2.91,1.474,0.08426
7732139,15.48,6043.0,3.931,1.85,1.0659999999999998,0.2371
7627739,13.562,6025.0,4.334,1.038,0.847,1.068
6750902,11.981,5888.0,4.394,1.008,0.9179999999999999,1.262
9141578,13.778,5880.0,3.99,1.6780000000000002,1.003,0.2989
7336013,0.0,5655.0,4.1960000000000015,1.272,0.9259999999999999,0.6344
7281979,16.194,5874.0,3.872,1.991,1.0759999999999998,0.1921
8282874,14.575,5968.0,4.308,1.0659999999999998,0.8420000000000001,0.9775
9574179,17.653,5696.0,4.295,1.145,0.9420000000000001,0.8834
5344211,14.763,5575.0,4.253,1.16,0.879,0.7942
3965733,16.21,5964.0,4.301,1.222,1.091,0.8416
8611897,15.707,5329.0,3.953,1.644,0.8859999999999999,0.2808
10938141,13.393,5927.0,4.393,1.06,1.013,1.197
8943248,41.02,5322.0,4.05,1.503,0.9229999999999999,0.3834
8154444,24.09,5484.0,4.368,1.002,0.855,1.196
6976550,15.615,5831.0,3.75,2.525,1.307,0.1144
2557302,14.968,5957.0,4.335,1.099,0.953,1.012
3641849,17.157,5786.0,4.339,0.984,0.7709999999999999,1.139
4069222,18.317,5741.0,4.394,1.026,0.953,1.242
5734046,20.04,5530.0,4.263,1.179,0.927,0.7976
7440048,13.892,6004.0,4.35,1.043,0.888,1.102
11134820,13.938,5610.0,4.336,1.048,0.868,1.063
8461005,0.0,5254.0,3.638,2.56,1.037,0.08712
10091083,10.819,5372.0,3.783,2.385,1.2570000000000001,0.1306
10977652,16.028,5338.0,3.736,2.488,1.229,0.1124
2693925,16.032,5846.0,4.35,1.079,0.951,1.067
9094773,10.287,6040.0,4.246,1.257,1.014,0.7191
8086432,18.143,5722.0,3.917,1.948,1.143,0.2177
10166297,9.62,5798.0,4.289,1.159,0.9520000000000001,0.8623
9508956,13.807,5895.0,4.285,1.124,0.888,0.8812
4648919,13.409,5876.0,4.237,1.257,0.995,0.7061
11770476,9.422,6006.0,3.85,2.193,1.242,0.1659
10716350,15.207,5334.0,4.0139999999999985,1.628,0.9990000000000001,0.3261
8248342,19.153,5941.0,4.355,1.025,0.867,1.134
11080134,16.939,5930.0,3.831,2.02,1.0070000000000001,0.1721
3234139,54.159,5984.0,4.2639999999999985,1.206,0.975,0.782
10802368,11.769,5355.0,4.022,1.533,0.903,0.3527
7585737,12.978,6018.0,4.231,1.243,0.958,0.703
5534208,46.817,5425.0,3.922,1.995,1.212,0.2151
3847907,0.874,5646.0,4.37,1.08,0.996,1.114
11495219,14.503,5921.0,4.364,1.09,1.002,1.09
7255850,0.0,5765.0,4.356,1.05,0.915,1.112
8695149,14.793,5884.0,4.238,1.295,1.058,0.6865
4640996,22.974,5830.0,4.1,1.505,1.04,0.4299
5164549,15.458,5631.0,4.187,1.259,0.889,0.6285
5903003,46.78,5676.0,4.38,1.006,0.8859999999999999,1.227
11657526,44.945,5296.0,4.056,1.499,0.932,0.3897
4830074,13.718,5633.0,4.312,1.091,0.89,0.9667
9973591,14.33,5704.0,4.03,1.456,0.828,0.3781
10054132,15.919,5519.0,3.751,2.496,1.28,0.116
6877490,11.558,5750.0,4.384,1.044,0.961,1.19
8782968,20.898,5725.0,3.663,2.903,1.4140000000000001,0.08141
10653094,11.816,5865.0,4.018,1.5930000000000002,0.9640000000000001,0.3359
12519373,9.431,5416.0,3.748,2.293,1.0759999999999998,0.1256
7460461,11.46,5714.0,4.109,1.479,1.026,0.4464
5360750,15.692,5778.0,4.29,1.171,0.9740000000000001,0.855
11286311,13.255,5443.0,4.36,1.008,0.848,1.165
12058612,18.115,5237.0,3.776,1.958,0.835,0.1567
10387636,18.537,5906.0,4.369,1.094,1.021,1.099
5397629,23.178,5934.0,4.306,1.056,0.823,0.9834
3733529,16.749,5753.0,4.148,1.421,1.034,0.5075
9821777,12.32,5948.0,4.329,1.088,0.919,1.006
7839949,15.089,5835.0,4.034,1.555,0.9540000000000001,0.3577
7014675,16.039,5945.0,4.364,1.019,0.8759999999999999,1.166
4992155,18.154,5556.0,4.25,1.211,0.953,0.7547
3633559,14.684,5729.0,4.1530000000000005,1.298,0.8740000000000001,0.5626
10121794,16.454,6053.0,3.962,2.014,1.355,0.2337
4991538,0.0,5755.0,4.395,1.005,0.915,1.269
9049300,0.0,5490.0,3.993,1.733,1.078,0.2918
7969605,13.7,5310.0,3.729,2.579,1.2990000000000002,0.1067
2847186,18.314,5658.0,4.033,1.582,0.985,0.3504
6956214,15.637,5600.0,4.354,1.086,0.971,1.067
9176145,14.31,5365.0,4.02,1.533,0.899,0.3513
8714686,16.686,5504.0,3.989,1.665,0.985,0.3006
2304010,21.529,5614.0,4.096,1.505,1.032,0.4261
3109550,28.05,5513.0,4.1789999999999985,1.286,0.9109999999999999,0.6027
7664357,15.47,6018.0,3.795,2.255,1.156,0.1421
9096204,16.701,5930.0,4.348,1.118,1.016,1.024
6773781,17.683,5749.0,4.261,1.102,0.809,0.8505
8751420,25.517,5297.0,3.697,2.568,1.197,0.09952
11497891,22.039,5274.0,3.987,1.598,0.905,0.3124
9481654,16.029,5654.0,3.996,1.6780000000000002,1.018,0.3034
7966959,17.153,6026.0,3.649,2.947,1.4140000000000001,0.0778
10604297,11.543,5989.0,4.007,1.565,0.9079999999999999,0.3334
4672156,18.496,5538.0,4.3439999999999985,1.031,0.858,1.101
4138537,14.168,5492.0,4.3580000000000005,1.003,0.8370000000000001,1.167
6309545,0.0,5503.0,3.901,1.676,0.815,0.2438
9018948,10.823,5941.0,4.373,1.082,1.0090000000000001,1.122
8265521,0.0,5691.0,4.022,1.556,0.93,0.3478
12071614,10.736,5893.0,3.677,2.8510000000000004,1.411,0.08578
12208483,30.846,5372.0,4.093,1.472,0.9790000000000001,0.4317
10489119,12.925,5999.0,4.393,1.078,1.046,1.178
4995401,26.119,5448.0,4.349,1.045,0.889,1.098
8396437,16.463,6057.0,4.083,1.486,0.975,0.4187
5171333,0.0,5560.0,4.3889999999999985,0.942,0.795,1.338
5294523,12.849,5772.0,4.024,1.6269999999999998,1.021,0.334
9158526,0.0,6004.0,4.35,1.043,0.888,1.102
7808946,19.793,5462.0,4.223,1.243,0.941,0.6901
6226182,22.154,5982.0,3.924,1.6030000000000002,0.787,0.2688
9569665,12.036,5251.0,3.903,1.721,0.8640000000000001,0.2387
8312064,15.928,5968.0,4.393,1.008,0.9159999999999999,1.261
3349000,13.748,5584.0,3.786,2.303,1.182,0.1362
9716519,0.0,5385.0,3.65,2.524,1.038,0.09085
3751118,13.803,5881.0,4.164,1.518,1.225,0.4936
9532588,0.0,5757.0,4.368,1.023,0.8909999999999999,1.173
11091553,15.27,5362.0,3.889,1.716,0.833,0.2322
8038496,14.123,5854.0,4.072,1.4409999999999998,0.894,0.4209
7175565,45.952,5390.0,3.659,3.054,1.5519999999999998,0.07677
5792004,45.823,5667.0,4.058,1.5590000000000002,1.012,0.3763
7286531,14.659,6002.0,4.087,1.472,0.965,0.4258
8582317,0.0,5662.0,3.946,1.658,0.884,0.2733
11414170,0.0,5952.0,4.3610000000000015,1.004,0.8440000000000001,1.173
8187809,9.852,5979.0,4.272,1.166,0.9259999999999999,0.8235
8581078,22.185,6033.0,4.001,1.675,1.025,0.3074
8330302,0.0,5380.0,3.687,2.774,1.364,0.09
8461171,0.0,5374.0,4.309,1.097,0.894,0.9531
6620638,16.984,5945.0,3.951,1.901,1.178,0.2415
11922615,0.0,5570.0,4.336,1.031,0.841,1.082
2710623,14.955,5750.0,4.337,1.106,0.968,1.008
9711999,16.955,5480.0,4.177,1.305,0.9329999999999999,0.5912
10203149,17.456,5313.0,4.39,0.976,0.8540000000000001,1.293
9418692,5.141,5591.0,4.232,1.189,0.88,0.7373
6374216,0.0,6043.0,4.341,1.165,1.084,0.9657
1724629,8.907,5557.0,4.299,1.15,0.958,0.8878
10188898,11.091,6033.0,4.222,1.19,0.861,0.7185
3864632,19.178,6008.0,3.824,2.129,1.103,0.161
8091343,15.637,6014.0,3.909,1.932,1.103,0.2156
8632073,17.092,6029.0,3.749,2.641,1.4269999999999998,0.1091
11029821,18.476,5705.0,4.293,1.089,0.85,0.9282
10032902,13.627,6035.0,3.689,2.78,1.3780000000000001,0.09035
12018625,15.912,5931.0,3.854,2.271,1.3419999999999999,0.1615
9150367,0.0,5934.0,4.342,1.179,1.114,0.9573
4579891,20.507,6039.0,4.3660000000000005,1.098,1.022,1.087
7757390,0.0,6025.0,4.375,1.043,0.941,1.169
9969599,12.158,5618.0,4.03,1.683,1.1079999999999999,0.327
6757830,15.201,5210.0,3.68,2.774,1.3430000000000002,0.08867
10141207,14.371,5346.0,4.0,1.564,0.893,0.3288
6509912,17.647,6002.0,4.322,1.068,0.873,1.008
9762744,11.728,5618.0,3.907,1.675,0.825,0.2471
8610823,20.728,5375.0,3.888,1.716,0.83,0.2313
5253065,13.094,5219.0,3.683,2.331,0.9540000000000001,0.1061
4641191,0.0,5896.0,4.274,1.11,0.845,0.8694
10056387,5.737,6015.0,4.368,1.057,0.9520000000000001,1.134
7832189,12.351,5903.0,4.2410000000000005,1.233,0.965,0.7258
5513913,13.602,5941.0,4.292,1.139,0.9259999999999999,0.8832
6679186,18.644,5967.0,4.37,0.99,0.8370000000000001,1.216
9449320,0.0,5880.0,4.301,1.03,0.774,0.997
